Place_Id,Empresa,Nombre_original,Grupo_empresa,N_sedes_grupo,Segmento,Relevancia,Motivo_relevancia,Score_completitud,Telefono,Tipo_telefono,Sitio_web,Dominio,Web_propia,Comuna,Region,Codigo_postal,Direccion,Precision_direccion,Latitud,Longitud,Categoria_principal,Categorias,N_resenas,Rating,Horario,Google_Maps_URL,Busquedas_origen,N_apariciones,Flags_calidad
ChIJZ4iHJyfPYpYR_t_bNE6g844,Viña Casas del Bosque,Viña Casas del Bosque,,1,Vitivinícola / Agrícola,Alta,Viña de gran escala (enoturismo + producción),100,+56 2 2480 6941,Fijo,http://casasdelbosque.cl/,casasdelbosque.cl,Sí,Casablanca,Valparaíso,,"Ex Fundo Santa Rosa - Hijuela Nº 2, Casablanca, Valparaíso",Con número,-33.318621,-71.43545,Bodega,"Bodega, Recinto para eventos, Restaurante, Atracción turística, Tienda de vinos",1688,4.6,lunes:10 am–5:30 pm | martes:10 am–5:30 pm | miércoles:10 am–5:30 pm | jueves:10 am–5:30 pm | viernes:10 am–5:30 pm | sábado:10 am–6 pm | domingo:10 am–6 pm,https://www.google.com/maps?cid=10300753030481174526,"Bodegas, Valparaíso - Chile; Viña*, Casablanca, Chile",3,
ChIJU5_yCuBuYpYRLQPLGWUBG6s,Casa Viñamar,Casa Viñamar,,1,Vitivinícola / Agrícola,Alta,Empresa industrial/logística en zona objetivo con canal de contacto,100,+56 9 8242 3349,Móvil,https://vsptwinegroup.com/tours-and-events/es/holidays/vinamar/,vsptwinegroup.com,Sí,Casablanca,Valparaíso,,"Ruta 68, km 72, Casablanca, Valparaíso",Con número,-33.358489,-71.353124,Viñedo,"Viñedo, Restaurante, Atracción turística, Tienda de vinos",1636,4.7,lunes:10 am–5:30 pm | martes:10 am–5:30 pm | miércoles:10 am–5:30 pm | jueves:10 am–5:30 pm | viernes:10 am–5:30 pm | sábado:10 am–5:30 pm | domingo:10 am–5:30 pm,https://www.google.com/maps?cid=12329449938592924461,"Viña*, Casablanca, Chile",1,
ChIJU-puoGdmYpYRlseXs0fRl0E,Viña Indómita,Viña Indómita,,1,Vitivinícola / Agrícola,Alta,Empresa industrial/logística en zona objetivo con canal de contacto,100,+56 32 215 3902,Fijo,http://www.indomita.cl/,indomita.cl,Sí,Casablanca,Valparaíso,,"Ruta 68, Casablanca, Valparaíso",Con número,-33.359765,-71.343837,Viñedo,"Viñedo, Tienda de vinos",1294,4.5,lunes:10 am–4:30 pm | martes:10 am–5:30 pm | miércoles:10 am–5:30 pm | jueves:10 am–5:30 pm | viernes:10 am–5:30 pm | sábado:Cerrado | domingo:Cerrado,https://www.google.com/maps?cid=4726476439834576790,"Viña*, Casablanca, Chile",1,
ChIJTwDjYuQ4YpYRQ807Bo5Ehvg,STI – San Antonio Terminal Internacional,.,,1,Portuario / Contenedores,Alta,Empresa industrial/logística en zona objetivo con canal de contacto,100,+56 35 220 1600,Fijo,http://www.stiport.com/,stiport.com,Sí,San Antonio,Valparaíso,,"Bernardo O'Higgins Riquelme 2263, San Antonio, Valparaíso",Con número,-33.588561,-71.614453,Empresa portuaria,"Empresa portuaria, Proveedor de contenedores",928,4.0,lunes:8:30 am–6 pm | martes:8:30 am–6 pm | miércoles:8:30 am–6 pm | jueves:8:30 am–6 pm | viernes:8:30 am–6 pm | sábado:8:30 am–6 pm | domingo:8:30 am–6 pm,https://www.google.com/maps?cid=17908076345065983299,"Empresa, San Antonio, Chile",1,nombre_corregido
ChIJNwHdaVlHYpYR6J0IpChNBgo,Seaport,Seaport,,1,Portuario / Contenedores,Alta,Empresa industrial/logística en zona objetivo con canal de contacto,100,+56 35 220 1500,Fijo,http://www.seaport.cl/,seaport.cl,Sí,San Antonio,Valparaíso,2660000,"Ruta G86, Aguas Buenas N° 6729, Cruce a Cartagena, 2660000 San Antonio, Valparaíso",Con número,-33.563936,-71.57017,Terminal de contenedores,Terminal de contenedores,775,4.0,lunes:9 am–5 pm | martes:9 am–5 pm | miércoles:9 am–5 pm | jueves:9 am–5 pm | viernes:9 am–5 pm | sábado:9:30–11:30 am | domingo:Cerrado,https://www.google.com/maps?cid=722349627185602024,"Empresa, San Antonio, Chile",1,
ChIJCTijh51vYpYRgdNHBt8McYg,Bodegas RE,Bodegas RE,,1,Vitivinícola / Agrícola,Alta,Empresa industrial/logística en zona objetivo con canal de contacto,100,+56 9 9345 9114,Móvil,http://www.bodegasre.cl/,bodegasre.cl,Sí,Casablanca,Valparaíso,,"F-850 1380, Casablanca, Valparaíso",Con número,-33.304382,-71.397881,Bodega,"Bodega, Atracción turística",378,4.8,lunes:10 am–6 pm | martes:10 am–6 pm | miércoles:10 am–6 pm | jueves:10 am–6 pm | viernes:10 am–6 pm | sábado:10 am–6 pm | domingo:11 am–5 pm,https://www.google.com/maps?cid=9831653613549114241,"Bodegas, Valparaíso - Chile",3,
ChIJwfWdZmE4YpYRWcnQ83BNQSg,Puerto Columbo San Antonio,Puerto Columbo San Antonio,,1,Otros / Servicios empresariales,Alta,Empresa industrial/logística en zona objetivo con canal de contacto,100,+56 35 220 3701,Fijo,http://www.puertocolumbo.com/,puertocolumbo.com,Sí,San Antonio,Valparaíso,,"Ruta Nacional 78, Barrio Industrial # 2375, San Antonio, Valparaíso",Con número,-33.596729,-71.590718,Oficinas de empresa,Oficinas de empresa,260,4.1,lunes:8:30 am–6 pm | martes:8:30 am–6 pm | miércoles:8:30 am–6 pm | jueves:8:30 am–6 pm | viernes:8:30 am–6 pm | sábado:8:30 am–12:45 pm | domingo:Cerrado,https://www.google.com/maps?cid=2900684782525532505,"Empresa, San Antonio, Chile",1,
ChIJqf97jz91YpYR3MnNt5Ur0aQ,Terminal y Servicios Logísticos Las Cadenas Ltda.,Terminal y Servicios Logísticos Las Cadenas Ltda.,,1,Logística / Almacenaje,Alta,Empresa industrial/logística en zona objetivo con canal de contacto,100,+56 9 6122 2911,Móvil,http://www.tlogisticolascadenas.cl/,tlogisticolascadenas.cl,Sí,Valparaíso,Valparaíso,,"2821, Placilla, Cerro El Altar, Valparaíso",Con número,-33.134111,-71.548821,Gran superficie,Gran superficie,174,4.3,lunes:8 am–11 pm | martes:8 am–11 pm | miércoles:8 am–11 pm | jueves:8 am–11 pm | viernes:8 am–11 pm | sábado:8 am–5 pm | domingo:Cerrado,https://www.google.com/maps?cid=11876321614386547164,"Servicios logísticos, Valparaiso - Chile; Servicios logísticos, Valparaiso, Chile",2,
ChIJaQpqAFI4YpYRZfGI7BTASjw,Ferretería Industrial METALMAR,Ferretería Industrial METALMAR,,1,Maquinaria / Industrial,Alta,Empresa industrial/logística en zona objetivo con canal de contacto,100,+56 35 237 5110,Fijo,http://www.metalmarchile.cl/,metalmarchile.cl,Sí,San Antonio,Valparaíso,2663592,"Barros Luco 3058, 2663592 San Antonio, Valparaíso",Con número,-33.608233,-71.613862,Ferretería,"Ferretería, Centro comercial",147,4.6,lunes:9 am–5 pm | martes:9 am–5 pm | miércoles:9 am–5 pm | jueves:9 am–5 pm | viernes:9 am–5 pm | sábado:9:30 am–1:30 pm | domingo:Cerrado,https://www.google.com/maps?cid=4344495986652541285,"Maquinaria industrial, San Antonio -Chile; Maquinaria industrial, San Antonio, Chile",2,
ChIJDVf_dxPciZYRdQiz4oh22k4,Tranvial,Tranvial,,1,Transporte de carga,Alta,Empresa industrial/logística en zona objetivo con canal de contacto,100,+56 600 006 0060,600 (call center),https://www.tranvial.com/,tranvial.com,Sí,Viña del Mar,Valparaíso,,"Edificio Reitz III - C. Limache 3437, Viña del Mar, Valparaíso",Con número,-33.04325,-71.517542,Servicio de transporte,"Servicio de transporte, Servicio de lanzadera, Servicio de logística, Servicio de transporte refrigerado, Empresa de transporte por camión",112,4.3,lunes:Abierto las 24 horas | martes:Abierto las 24 horas | miércoles:Abierto las 24 horas | jueves:Abierto las 24 horas | viernes:Abierto las 24 horas | sábado:Abierto las 24 horas | domingo:Abierto las 24 horas,https://www.google.com/maps?cid=5681984210172315765,"Empresa, Viña del Mar, Chile; Transporte de carga, Viña del Mar, Chile",3,
ChIJWdtkvBNvYpYRnhth1EiS96g,Calca,Calca,Calca,2,Otros / Servicios empresariales,Alta,Empresa industrial/logística en zona objetivo con canal de contacto,100,+56 32 274 1652,Fijo,http://www.calca.cl/,calca.cl,Sí,Casablanca,Valparaíso,2480505,"Av. Portales 90, 2480505 Casablanca, Valparaíso",Con número,-33.321134,-71.410031,Comercio,Comercio,56,4.6,lunes:9 am–2 pm | martes:9 am–2 pm | miércoles:9 am–2 pm | jueves:9 am–2 pm | viernes:9 am–2 pm | sábado:9 am–12:30 pm | domingo:Cerrado,https://www.google.com/maps?cid=12175360959117859742,Calca,1,
ChIJIxwuEtNvYpYRa8XHXQiKrXA,Emergent Cold LatAm,Emergent Cold LatAm,,1,Logística / Almacenaje,Alta,Empresa industrial/logística en zona objetivo con canal de contacto,100,+56 600 656 0030,600 (call center),https://emergentcoldlatam.com/,emergentcoldlatam.com,Sí,Casablanca,Valparaíso,,"F-852 4621, Lo Vásquez, Casablanca, Valparaíso",Con número,-33.27258,-71.428276,Servicio de logística,Servicio de logística,55,4.0,lunes:Abierto las 24 horas | martes:Abierto las 24 horas | miércoles:Abierto las 24 horas | jueves:Abierto las 24 horas | viernes:Abierto las 24 horas | sábado:Abierto las 24 horas | domingo:Abierto las 24 horas,https://www.google.com/maps?cid=8119297471756617067,"Frigoríficos, Casablanca, Chile",1,
ChIJt8G2SvLeiZYR9dWQP36S5DU,Empresas Demaria S.A.,Empresas Demaria S.A.,Empresas Demaria S.A.,2,Otros / Servicios empresariales,Alta,Empresa industrial/logística en zona objetivo con canal de contacto,100,+56 32 226 7000,Fijo,https://demaria.cl/,demaria.cl,Sí,Viña del Mar,Valparaíso,2562126,"C. Limache 3535, 2562126 Viña del Mar, Valparaíso",Con número,-33.044418,-71.515894,Oficinas de empresa,Oficinas de empresa,55,4.4,lunes:9 am–6 pm | martes:9 am–6 pm | miércoles:9 am–6 pm | jueves:9 am–6 pm | viernes:9 am–6 pm | sábado:Cerrado | domingo:Cerrado,https://www.google.com/maps?cid=3883389849630201333,"Empresa, Viña del Mar, Chile",1,
ChIJ9ckcCEfhiZYReWhuBcEBD7A,Egido Empresas,Egido Empresas,,1,Transporte de carga,Alta,Empresa industrial/logística en zona objetivo con canal de contacto,100,+56 9 7450 5347,Móvil,http://www.egido.cl/,egido.cl,Sí,Valparaíso,Valparaíso,,"Camino La Pólvora 4, La Polvora, Valparaíso",Con número,-33.094393,-71.588863,Empresa de transporte por camión,"Empresa de transporte por camión, Servicio de grúa, Tienda general, Almacén",51,4.3,lunes:8 am–10 pm | martes:8 am–10 pm | miércoles:8 am–10 pm | jueves:8 am–10 pm | viernes:8 am–10 pm | sábado:8 am–2 pm | domingo:Cerrado,https://www.google.com/maps?cid=12686360603857414265,"Transporte de carga, Valparaiso, Chile",1,
ChIJJ9ygp2l1YpYRz2k8P5b3_-E,SERVIEX Ltda,SERVIEX Ltda,,1,Logística / Almacenaje,Alta,Empresa industrial/logística en zona objetivo con canal de contacto,95,+56 9 4173 7193,Móvil,https://serviexltda.cl/,serviexltda.cl,Sí,Valparaíso,Valparaíso,2340000,"Undécima Avenida 1730, Pc 384 Placilla, 2340000 Valparaíso",Con número,-33.124745,-71.545804,Servicio de logística,"Servicio de logística, Tienda general, Asesor en comercio internacional, Almacén, Bodega",49,5.0,lunes:9 am–6 pm | martes:9 am–6 pm | miércoles:9 am–6 pm | jueves:9 am–6 pm | viernes:9 am–6 pm | sábado:Cerrado | domingo:Cerrado,https://www.google.com/maps?cid=16285007002273081807,"Servicios logísticos, Valparaiso - Chile",1,
ChIJAXDu37PgiZYRZHTn5UC-ITM,Frigorífico Víctor Mancilla y Cía Ltda.,Frigorífico Víctor Mancilla y Cía Ltda.,,1,Frío / Alimentos,Alta,Empresa industrial/logística en zona objetivo con canal de contacto,95,+56 32 262 7464,Fijo,http://www.pesqueramancilla.cl/,pesqueramancilla.cl,Sí,Valparaíso,Valparaíso,2391272,"R. Philippi 195, 2391272 Valparaíso",Con número,-33.035152,-71.588425,Comercio,Comercio,42,4.2,lunes:9 am–5 pm | martes:9 am–5 pm | miércoles:9 am–5 pm | jueves:9 am–5 pm | viernes:9 am–5 pm | sábado:9:30 am–1 pm | domingo:Cerrado,https://www.google.com/maps?cid=3684435156110111844,"Frigoríficos, Casablanca, Chile; Frigoríficos, V Región, Chile",2,
ChIJ66xAzl9HYpYR7X2_s30nfzo,SL TRANSPORTE LTDA,SL TRANSPORTE LTDA,,1,Transporte de carga,Alta,Empresa industrial/logística en zona objetivo con canal de contacto,95,+56 9 4008 8368,Móvil,http://www.sltransporte.cl/,sltransporte.cl,Sí,San Antonio,Valparaíso,2660000,"Los Eucaliptus, Av. Aguas Buenas 597, 2660000 San Antonio, Valparaíso",Con número,-33.569049,-71.570103,Empresa de transporte por camión,"Empresa de transporte por camión, Servicio de logística",41,4.0,lunes:8:30 am–8 pm | martes:8:30 am–8 pm | miércoles:8:30 am–8 pm | jueves:8:30 am–8 pm | viernes:8:30 am–8 pm | sábado:8:30 am–3 pm | domingo:Cerrado,https://www.google.com/maps?cid=4215131197082140141,"Logística en San Antonio, Chile; Servicios logísticos, San Antonio, Chile; Transporte de carga, San Antonio, Chile",3,
ChIJ9bP4ZR9HYpYRf9Ne0tjkdas,FRIGORIFICO FRIOMOR S.A,FRIGORIFICO FRIOMOR S.A,,1,Frío / Alimentos,Alta,Empresa industrial/logística en zona objetivo con canal de contacto,95,+56 9 9619 6628,Móvil,http://www.friomor.cl/,friomor.cl,Sí,Cartagena,Valparaíso,,"Las Majadas Lote 2 y 3 s/n, Cartagena, San Antonio, Cartagena, Valparaíso",Con número,-33.563029,-71.528961,Almacén,"Almacén, Instalación de almacenamiento en frío",26,4.5,lunes:8 am–6 pm | martes:8 am–6 pm | miércoles:8 am–6 pm | jueves:8 am–6 pm | viernes:8 am–6 pm | sábado:9 am–12 pm | domingo:Cerrado,https://www.google.com/maps?cid=12355032772654322559,"Frigoríficos, Casablanca, Chile; Frigoríficos, V Región, Chile",2,
ChIJOdzSlWTciZYRIK3x7MPWBs8,OSKUPACK,OSKUPACK,,1,Maquinaria / Industrial,Alta,Empresa industrial/logística en zona objetivo con canal de contacto,95,+56 9 9822 4595,Móvil,https://oskupack.cl/,oskupack.cl,Sí,Viña del Mar,Valparaíso,2520000,"Camino Lajarilla 744, 2520000 Viña del Mar, Valparaíso",Con número,-32.97771,-71.489106,Empresa de embalaje,"Empresa de embalaje, Empresa de fabricación de plástico",25,4.4,lunes:9 am–5:30 pm | martes:9 am–5:30 pm | miércoles:9 am–5:30 pm | jueves:9 am–5:30 pm | viernes:9 am–5:30 pm | sábado:Cerrado | domingo:Cerrado,https://www.google.com/maps?cid=14917846952693574944,"Empresa, Viña del Mar, Chile",1,
ChIJDZauyu_ciZYRzf5sek8mtt8,INDUSTRIAL COSTA SPA,INDUSTRIAL COSTA SPA,,1,Maquinaria / Industrial,Alta,Empresa industrial/logística en zona objetivo con canal de contacto,95,+56 9 8888 4772,Móvil,http://industrialcostaspa.com/,industrialcostaspa.com,Sí,Viña del Mar,Valparaíso,,"Camino internacional 5465 Galpón F3, 1, Viña del Mar, Valparaíso",Con número,-32.962128,-71.510179,Taller de maquinaria,"Taller de maquinaria, Ingeniero mecánico, Empresa de construcciones metálicas, Servicio de reparación",23,4.1,lunes:8 am–5:30 pm | martes:8 am–5:30 pm | miércoles:8 am–5:30 pm | jueves:8 am–5:30 pm | viernes:8 am–4:30 pm | sábado:Cerrado | domingo:Cerrado,https://www.google.com/maps?cid=16120114039017504461,"Empresa, Viña del Mar, Chile; Maquinaria industrial, Viña del Mar-Chile",2,
ChIJh8dGG8PgiZYR9GB0wf0-N5s,ROLIMAQ - VENTUS,ROLIMAQ - VENTUS,,1,Maquinaria / Industrial,Alta,Empresa industrial/logística en zona objetivo con canal de contacto,95,+56 9 5908 1452,Móvil,http://www.rolimaq.cl/,rolimaq.cl,Sí,Viña del Mar,Valparaíso,,"5 ORIENTE 608 VIÑA DEL MAR, Av. Colón 2877, Valparaíso, Viña del Mar, Valparaíso",Con número,-33.017182,-71.543249,Empresa de suministros industriales,Empresa de suministros industriales,20,4.6,lunes:9 am–6 pm | martes:9 am–6 pm | miércoles:9 am–6 pm | jueves:9 am–6 pm | viernes:9 am–6 pm | sábado:Cerrado | domingo:Cerrado,https://www.google.com/maps?cid=11184477459191193844,"Maquinaria industrial, Viña del Mar-Chile",1,
ChIJe4q_Blp1YpYRjtN4sW_ahZs,Delfrio Frigorífico de Valparaiso S.A.,Delfrio Frigorífico de Valparaiso S.A.,Delfrio Frigorífico de Valparaiso S.A.,2,Frío / Alimentos,Alta,Empresa industrial/logística en zona objetivo con canal de contacto,95,+56 32 229 1166,Fijo,http://www.delfrio.cl/,delfrio.cl,Sí,Valparaíso,Valparaíso,,"Ruta 68 1240, Placilla, Valparaíso",Con número,-33.117636,-71.559892,Servicios de empresa a empresa,Servicios de empresa a empresa,19,4.3,lunes:8:30 am–5:30 pm | martes:8:30 am–5:30 pm | miércoles:8:30 am–5:30 pm | jueves:8:30 am–5:30 pm | viernes:8:30 am–5:30 pm | sábado:Cerrado | domingo:Cerrado,https://www.google.com/maps?cid=11206603421035058062,"Frigoríficos, Casablanca, Chile; Frigoríficos, V Región, Chile",2,
ChIJ2UzWJj45YpYRxzMGbrKQI58,Distribuidor Autorizado Stihl San Antonio AGROMAR,Distribuidor Autorizado Stihl San Antonio AGROMAR,,1,Maquinaria / Industrial,Alta,Empresa industrial/logística en zona objetivo con canal de contacto,95,+56 9 8814 2767,Móvil,https://redstihl.cl/productos/aceite-de-mezcla-premium-stihl-1l/,redstihl.cl,Sí,San Antonio,Valparaíso,2660750,"Av. Chile 402, 2660750 San Antonio, Valparaíso",Con número,-33.61324,-71.60837,Cuarto de herramientas,Cuarto de herramientas,15,4.1,lunes:9 am–1:30 pm | martes:9 am–1:30 pm | miércoles:9 am–1:30 pm | jueves:9 am–1:30 pm | viernes:9 am–1:30 pm | sábado:Cerrado | domingo:Cerrado,https://www.google.com/maps?cid=11467168172239893447,"Maquinaria industrial, San Antonio -Chile; Maquinaria industrial, San Antonio, Chile",2,
ChIJyU3YuwZHYpYR-gzSQD783YI,"Logistica el Cardal LOGEC, Malvilla","Logistica el Cardal LOGEC, Malvilla",,1,Logística / Almacenaje,Alta,Empresa industrial/logística en zona objetivo con canal de contacto,95,+56 9 5534 0864,Móvil,http://www.logec.cl/,logec.cl,Sí,San Antonio,Valparaíso,,"Camino Malvilla 1378, Ruta G974, San Antonio, Valparaíso",Con número,-33.581295,-71.531363,Almacén,"Almacén, Oficinas de empresa",15,4.5,lunes:8 am–1 pm | martes:8 am–1 pm | miércoles:8 am–1 pm | jueves:8 am–1 pm | viernes:8 am–1 pm | sábado:Cerrado | domingo:Cerrado,https://www.google.com/maps?cid=9429970539089366266,"Bodegas y almacenaje, San Antonio; Logística en San Antonio, Chile",2,
ChIJK-5LjLLZiZYRavnzJYEFO28,Mibodega,Mibodega,,1,Logística / Almacenaje,Alta,Empresa industrial/logística en zona objetivo con canal de contacto,95,+56 9 3391 9144,Móvil,https://mibodega.cl/,mibodega.cl,Sí,Quilpué,Valparaíso,2430000,"Baquedano 1475, 2430000 Quilpué, Valparaíso",Con número,-33.042551,-71.416834,Bodega,Bodega,15,4.3,lunes:Abierto las 24 horas | martes:Abierto las 24 horas | miércoles:Abierto las 24 horas | jueves:Abierto las 24 horas | viernes:Abierto las 24 horas | sábado:Abierto las 24 horas | domingo:Abierto las 24 horas,https://www.google.com/maps?cid=8015006014081595754,"Bodegas, Valparaíso - Chile",3,
ChIJ1d4Y2OXdiZYRXhgUpPYHODY,Empresas Tuxpan,Empresas Tuxpan,,1,Otros / Servicios empresariales,Alta,Empresa industrial/logística en zona objetivo con canal de contacto,95,+56 32 268 0906,Fijo,http://www.tuxpan.com/,tuxpan.com,Sí,Viña del Mar,Valparaíso,2520696,"7 Nte. 360, 2520696 Viña del Mar, Valparaíso",Con número,-33.016011,-71.554638,Oficinas de empresa,Oficinas de empresa,14,5.0,lunes:9 am–1 pm | martes:9 am–1 pm | miércoles:9 am–1 pm | jueves:9 am–1 pm | viernes:9 am–1 pm | sábado:Cerrado | domingo:Cerrado,https://www.google.com/maps?cid=3906881432640034910,"Empresa, Viña del Mar, Chile",1,
ChIJ_VAVpefeiZYR4lFQkH6LgZU,VIRGINIA - Empresas Demaria S.A.,VIRGINIA - Empresas Demaria S.A.,Empresas Demaria S.A.,2,Maquinaria / Industrial,Alta,Empresa industrial/logística en zona objetivo con canal de contacto,95,+56 32 226 7000,Fijo,http://www.virginia.cl/,virginia.cl,Sí,Viña del Mar,Valparaíso,2562126,"C. Limache 3535, 2562126 Viña del Mar, Valparaíso",Con número,-33.044718,-71.515161,Proveedor de productos de limpieza,Proveedor de productos de limpieza,12,4.8,lunes:8 am–6 pm | martes:8 am–6 pm | miércoles:8 am–6 pm | jueves:8 am–6 pm | viernes:8 am–6 pm | sábado:Cerrado | domingo:Cerrado,https://www.google.com/maps?cid=10773045159350260194,"Empresa, Viña del Mar, Chile",1,
ChIJi5H3-nXbiZYRReEyOV_Qz3Y,Bodegas Mauco,Bodegas Mauco | Arriendo MiniBodegas | Galpones | Concón Viña del Mar Valparaíso Quilpué Quillota,,1,Logística / Almacenaje,Alta,Empresa industrial/logística en zona objetivo con canal de contacto,95,+56 9 9779 1746,Móvil,http://www.bodegasmauco.cl/,bodegasmauco.cl,Sí,Quillota,Valparaíso,2260000,"RUTA f 360 KM1 Quillota, 2260000 Valparaíso, Quillota, Valparaíso",Con número,-32.917767,-71.434898,Bodega,Bodega,11,4.5,lunes:Abierto las 24 horas | martes:Abierto las 24 horas | miércoles:Abierto las 24 horas | jueves:Abierto las 24 horas | viernes:Abierto las 24 horas | sábado:Abierto las 24 horas | domingo:Abierto las 24 horas,https://www.google.com/maps?cid=8561290524054708549,"Bodegas, Valparaíso - Chile",2,nombre_corregido
ChIJzeDAEPY5YpYRU7mFPUjuCbM,Puerto San Antonio,Puerto San Antonio,PUERTO SAN ANTONIO,2,Portuario / Contenedores,Alta,Empresa industrial/logística en zona objetivo con canal de contacto,90,+56 35 258 6000,Fijo,https://puertosanantonio.com/,puertosanantonio.com,Sí,San Antonio,Valparaíso,2660000,"Antonio Núñez de Fonseca 1552, 2660000 San Antonio, Valparaíso",Con número,-33.574501,-71.626755,Empresa portuaria,Empresa portuaria,521,4.5,,https://www.google.com/maps?cid=12901104601616726355,"Empresa, San Antonio, Chile",1,sin_horario
ChIJz5AzAYY4YpYReXQuinPOZSI,"D&C San Antonio, patio principal","D&C San Antonio, patio principal",,1,Portuario / Contenedores,Alta,Empresa industrial/logística en zona objetivo con canal de contacto,90,+56 32 251 3302,Fijo,http://www.dycsa.cl/,dycsa.cl,Sí,San Antonio,Valparaíso,,"Ruta G 94 F Nuevo Acceso al Puerto 3559 Barrio Industrial San Antonio, San Antonio, Valparaíso",Con número,-33.58876,-71.584752,Servicio de contenedores,"Servicio de contenedores, Proveedor de contenedores",464,3.2,lunes:8:30 am–9 pm | martes:8:30 am–9 pm | miércoles:8:30 am–9 pm | jueves:8:30 am–9 pm | viernes:8:30 am–9 pm | sábado:8:30 am–3 pm | domingo:Cerrado,https://www.google.com/maps?cid=2478614165572187257,"Maquinaria industrial, San Antonio, Chile",1,
ChIJsyA89Q9HYpYRmf5pd7-I9Lc,Maersk Logistics and Service Chile SpA,Maersk Logistics and Service Chile SpA,Maersk Logistics and Service Chile SpA,2,Portuario / Contenedores,Alta,Empresa industrial/logística en zona objetivo con canal de contacto,90,+56 35 220 2700,Fijo,http://www.maersk.com/,maersk.com,Sí,San Antonio,Valparaíso,,"Avenida Las Factorías 8150, San Antonio, Valparaíso",Con número,-33.576092,-71.536746,Terminal de contenedores,Terminal de contenedores,292,3.9,lunes:8 am–10 pm | martes:8 am–10 pm | miércoles:8 am–10 pm | jueves:8 am–10 pm | viernes:8 am–10 pm | sábado:8 am–6 pm | domingo:Cerrado,https://www.google.com/maps?cid=13255369959181778585,"Empresa, San Antonio, Chile; Logística en San Antonio, Chile",2,
ChIJm3jkdoluYpYRGRGsx282Lfk,Kingston Family Vineyards,Kingston Family Vineyards,,1,Vitivinícola / Agrícola,Alta,Empresa industrial/logística en zona objetivo con canal de contacto,90,+56 32 332 0150,Fijo,http://www.kingstonvineyards.com/,kingstonvineyards.com,Sí,Casablanca,Valparaíso,,"Hijuela El Maitén S/N, Casablanca, Valparaíso",Sin número,-33.317081,-71.460571,Bodega,"Bodega, Atracción turística, Viñedo",216,4.8,lunes:10 am–6 pm | martes:10 am–6 pm | miércoles:10 am–6 pm | jueves:10 am–6 pm | viernes:10 am–6 pm | sábado:10 am–6 pm | domingo:10 am–6 pm,https://www.google.com/maps?cid=17955067143115247897,"Bodegas, Valparaíso - Chile",3,direccion_imprecisa
ChIJlbjaulVHYpYRQbbSWmVsH2A,TLS Terminal Logistico San Antonio LTDA.,TLS Terminal Logistico San Antonio LTDA.,,1,Portuario / Contenedores,Alta,Empresa industrial/logística en zona objetivo con canal de contacto,90,+56 35 245 0146,Fijo,http://www.tls.cl/,tls.cl,Sí,Cartagena,Valparaíso,,"Camino antiguo a Santiago SN, Cartagena, Valparaíso",Sin número,-33.551105,-71.569975,Servicio de contenedores,"Servicio de contenedores, Servicios de empresa a empresa",158,4.1,lunes:7 am–11 pm | martes:7 am–11 pm | miércoles:7 am–11 pm | jueves:7 am–11 pm | viernes:7 am–11 pm | sábado:7 am–11 pm | domingo:Cerrado,https://www.google.com/maps?cid=6926373934490367553,"Logística en San Antonio, Chile",1,direccion_imprecisa
ChIJe1d2vUZHYpYR1Qtvf2Vs_o0,Transportes Olivares,Transportes Olivares,Transportes Olivares,2,Transporte de carga,Alta,Empresa industrial/logística en zona objetivo con canal de contacto,90,+56 9 9637 6297,Móvil,http://www.transportesolivares.cl/,transportesolivares.cl,Sí,San Antonio,Valparaíso,2660885,"José Miguel Carrera Verdugo 830, of.6, 2660885 San Antonio, Valparaíso",Con número,-33.609401,-71.605023,Empresa de transporte por camión,Empresa de transporte por camión,9,4.0,lunes:9 am–7 pm | martes:9 am–7 pm | miércoles:9 am–7 pm | jueves:9 am–7 pm | viernes:9 am–6 pm | sábado:Cerrado | domingo:Cerrado,https://www.google.com/maps?cid=10231734586617826261,"Transporte de carga, San Antonio, Chile",1,
ChIJKRr43uLdiZYROrcftBGiDMI,TopMachine,TopMachine,,1,Maquinaria / Industrial,Alta,Empresa industrial/logística en zona objetivo con canal de contacto,90,+56 9 9222 6713,Móvil,http://www.topmachine.cl/,topmachine.cl,Sí,Viña del Mar,Valparaíso,,"1 - Calle Viana 837 Local 1, Viña del Mar, Valparaíso",Con número,-33.02606,-71.550078,Empresa de suministros industriales,Empresa de suministros industriales,6,5.0,lunes:9 am–2 pm | martes:9 am–2 pm | miércoles:9 am–2 pm | jueves:9 am–2 pm | viernes:9 am–2 pm | sábado:Cerrado | domingo:Cerrado,https://www.google.com/maps?cid=13982729139998668602,"Maquinaria industrial, Viña del Mar-Chile",1,
ChIJyU-2Vd05YpYRTY3Hjq0as3w,Forza Industrial,Forza Industrial I HERRAMIENTAS I GENERADORES I SOLDADORAS I COMPRESORES I HIDROLAVADORAS I MOTOR ESTACIONARIOS,,1,Maquinaria / Industrial,Alta,Empresa industrial/logística en zona objetivo con canal de contacto,90,+56 9 6629 5814,Móvil,https://www.forzaindustrial.cl/,forzaindustrial.cl,Sí,San Antonio,Valparaíso,2660000,"Av. Chile 55, Loc B, 2660000 Llolleo, San Antonio, Valparaíso",Con número,-33.61014,-71.608832,Tienda de herramientas y troqueles,"Tienda de herramientas y troqueles, Taller de maquinaria",5,5.0,lunes:9 am–6 pm | martes:9 am–6 pm | miércoles:9 am–6 pm | jueves:9 am–6 pm | viernes:9 am–6 pm | sábado:Cerrado | domingo:Cerrado,https://www.google.com/maps?cid=8985555014261378381,"Maquinaria industrial, San Antonio -Chile; Maquinaria industrial, San Antonio, Chile",2,nombre_corregido
ChIJCa2d-6vhiZYRdD4ps24G0NE,Comercializadora de Carnes Gutiérrez y Gutiérrez,Comercializadora de Carnes Gutiérrez y Gutiérrez,,1,Frío / Alimentos,Alta,Empresa industrial/logística en zona objetivo con canal de contacto,90,+56 32 221 3124,Fijo,https://www.carnesag.cl/,carnesag.cl,Sí,Valparaíso,Valparaíso,2340168,"Juana Ross 155, 2340168 Valparaíso",Con número,-33.049856,-71.605408,Proveedor mayorista de alimentos,Proveedor mayorista de alimentos,5,5.0,lunes:8 am–2 pm | martes:8 am–2 pm | miércoles:8 am–2 pm | jueves:8 am–2 pm | viernes:8 am–2 pm | sábado:Cerrado | domingo:Cerrado,https://www.google.com/maps?cid=15118591021604748916,"Frigoríficos, V Región, Chile",1,
ChIJiX4WM4veiZYRsQ5pBIXFnuw,CER Chile,CER Chile,,1,Otros / Servicios empresariales,Alta,Empresa industrial/logística en zona objetivo con canal de contacto,90,+56 9 9745 4023,Móvil,http://www.cer-chile.cl/,cer-chile.cl,Sí,Viña del Mar,Valparaíso,,"C. Limache 3437, Ofi 520, Viña del Mar, Valparaíso",Con número,-33.04325,-71.517542,Oficinas de empresa,Oficinas de empresa,5,5.0,lunes:8:30 am–5:30 pm | martes:8:30 am–5:30 pm | miércoles:8:30 am–5:30 pm | jueves:8:30 am–5:30 pm | viernes:8:30 am–5:30 pm | sábado:Cerrado | domingo:Cerrado,https://www.google.com/maps?cid=17050282414366592689,"Empresa, Viña del Mar, Chile",1,
ChIJf-0CUiw5YpYRlKtqkW09qxo,Transportes Olivares,Transportes Olivares,Transportes Olivares,2,Transporte de carga,Alta,Empresa industrial/logística en zona objetivo con canal de contacto,90,+56 9 9637 6297,Móvil,http://www.transportesolivares.cl/,transportesolivares.cl,Sí,San Antonio,Valparaíso,2662776,"Barros Luco 1814, 6, 2662776 Barrancas, San Antonio, Valparaíso",Con número,-33.596141,-71.613047,Empresa de transporte por camión,Empresa de transporte por camión,3,5.0,lunes:9 am–6:30 pm | martes:9 am–6:30 pm | miércoles:9 am–6:30 pm | jueves:9 am–6:30 pm | viernes:9 am–6:30 pm | sábado:Cerrado | domingo:Cerrado,https://www.google.com/maps?cid=1921697206804065172,"Transporte de carga, San Antonio, Chile",1,
ChIJ_3c7OSnhiZYRXn7zp_cMfCk,Compañía de Servicios Aduaneros y Transportes SPA,Compañía de Servicios Aduaneros y Transportes SPA,,1,Transporte de carga,Alta,Empresa industrial/logística en zona objetivo con canal de contacto,90,+56 9 6434 9141,Móvil,http://www.transporteinternacional.cl/,transporteinternacional.cl,Sí,Valparaíso,Valparaíso,2361897,"Esmeralda 1074, 2361897 Valparaíso",Con número,-33.042323,-71.624764,Empresa de transporte por camión,Empresa de transporte por camión,2,5.0,lunes:Abierto las 24 horas | martes:Abierto las 24 horas | miércoles:Abierto las 24 horas | jueves:Abierto las 24 horas | viernes:Abierto las 24 horas | sábado:Abierto las 24 horas | domingo:Abierto las 24 horas,https://www.google.com/maps?cid=2989278510481374814,"Servicios logísticos, Valparaiso - Chile; Servicios logísticos, Valparaiso, Chile; Transporte de carga, Valparaiso, Chile",3,
ChIJ61VU6z91YpYRVoOEYZGHclU,Imperio Transportes,Imperio Transportes,,1,Transporte de carga,Alta,Empresa industrial/logística en zona objetivo con canal de contacto,90,+56 9 8157 1998,Móvil,http://www.imperiotransportes.com/,imperiotransportes.com,Sí,Valparaíso,Valparaíso,,"Cerro El Altar 2821, Valparaíso",Con número,-33.133244,-71.550866,Empresa de transporte por camión,"Empresa de transporte por camión, Servicio de transporte",2,4.0,lunes:9 am–6 pm | martes:9 am–6 pm | miércoles:9 am–6 pm | jueves:9 am–6 pm | viernes:9 am–6 pm | sábado:Cerrado | domingo:Cerrado,https://www.google.com/maps?cid=6157132699044971350,"Transporte de carga, Valparaiso, Chile",1,
ChIJC75NpkZ1YpYRsnJ5GyZX4SA,THM Transporte Humberto Morales,THM Transporte Humberto Morales,,1,Transporte de carga,Alta,Empresa industrial/logística en zona objetivo con canal de contacto,85,+56 32 213 1200,Fijo,http://www.thm.cl/,thm.cl,Sí,Valparaíso,Valparaíso,0002222,"Novena Avenida 2225, 0002222 Valparaíso",Con número,-33.128277,-71.555152,Empresa de transporte por camión,Empresa de transporte por camión,41,3.9,lunes:9 am–6:30 pm | martes:9 am–6:30 pm | miércoles:9 am–6:30 pm | jueves:9 am–6:30 pm | viernes:9 am–6:30 pm | sábado:Cerrado | domingo:Cerrado,https://www.google.com/maps?cid=2369270700154909362,"Transporte de carga, Valparaiso, Chile",1,
ChIJPUVdtVt1YpYRe4HinK-elOk,Bodegas Kochifas,Bodegas Kochifas,,1,Logística / Almacenaje,Alta,Empresa industrial/logística en zona objetivo con canal de contacto,85,+56 9 8901 8446,Móvil,http://www.bodegaskochifas.cl/,bodegaskochifas.cl,Sí,Valparaíso,Valparaíso,2340000,"Fundo los Perales - Cuesta Balmaceda, Cam. La Pólvora, 2340000 Valparaíso",Sin número,-33.060528,-71.647527,Almacén,Almacén,30,4.3,lunes:9 am–6 pm | martes:9 am–6 pm | miércoles:9 am–6 pm | jueves:9 am–6 pm | viernes:9 am–6 pm | sábado:9 am–5 pm | domingo:Cerrado,https://www.google.com/maps?cid=16831252184478941563,"Bodegas, Valparaíso - Chile",3,direccion_imprecisa
ChIJ-c9_U_DdiZYRsg96-XJm3W4,Endopack Chile,Endopack Chile,,1,Maquinaria / Industrial,Alta,Empresa industrial/logística en zona objetivo con canal de contacto,85,+56 9 8797 0197,Móvil,http://www.endopackchile.cl/,endopackchile.cl,Sí,Viña del Mar,Valparaíso,2520000,"Etchevers 185, Loc 67-A, 2520000 Viña del Mar, Valparaíso",Con número,-33.024083,-71.55537,Empresa de embalaje,Empresa de embalaje,22,3.6,lunes:9:30 am–2:30 pm | martes:9:30 am–2:30 pm | miércoles:9:30 am–2:30 pm | jueves:9:30 am–2:30 pm | viernes:9:30 am–2:30 pm | sábado:10 am–2:30 pm | domingo:Cerrado,https://www.google.com/maps?cid=7988653958022959026,"Empresa, Viña del Mar, Chile",1,
ChIJR1CGMfk4YpYRsM7SwWbQDqA,Maersk Chile,Maersk Chile,Maersk Logistics and Service Chile SpA,2,Otros / Servicios empresariales,Alta,Empresa industrial/logística en zona objetivo con canal de contacto,85,+56 35 221 1289,Fijo,https://www.maersk.com/,maersk.com,Sí,San Antonio,Valparaíso,2662756,"Barros Luco 1613, P 12 San Antoni, 2662756 San Antonio, Valparaíso",Con número,-33.593856,-71.613261,Servicios de empresa a empresa,"Servicios de empresa a empresa, Empresa",16,3.8,lunes:9 am–6 pm | martes:9 am–6 pm | miércoles:9 am–6 pm | jueves:9 am–6 pm | viernes:9 am–6 pm | sábado:Cerrado | domingo:Cerrado,https://www.google.com/maps?cid=11533384835499478704,"Empresa, San Antonio, Chile",1,
ChIJy5pXI-7eiZYRB3ovfXTOXo4,Reno Chile SA,Reno Chile SA,,1,Química / Energía,Alta,Empresa industrial/logística en zona objetivo con canal de contacto,85,+56 2 2460 1000,Fijo,http://www.reno.cl/,reno.cl,Sí,Viña del Mar,Valparaíso,,"C. Limache 3730, Viña del Mar, Valparaíso",Con número,-33.047233,-71.513347,Planta química,Planta química,13,3.6,lunes:8 am–5:30 pm | martes:8 am–5:30 pm | miércoles:8 am–5:30 pm | jueves:8 am–5:30 pm | viernes:8 am–4:30 pm | sábado:Cerrado | domingo:Cerrado,https://www.google.com/maps?cid=10258864000908360199,"Empresa, Viña del Mar, Chile",1,
ChIJoc6Vucp1YpYRAWniB2Mxz8I,TFL TRANSPORTES,TFL TRANSPORTES,,1,Transporte de carga,Alta,Empresa industrial/logística en zona objetivo con canal de contacto,85,+56 9 9879 8720,Móvil,http://www.tfltransportes.cl/,tfltransportes.cl,Sí,Valparaíso,Valparaíso,3100000,"NOVENA AVENIDA 2315 PLACILLA, ORIENTE, 3100000 Valparaíso",Con número,-33.129352,-71.55559,Empresa de transporte por camión,Empresa de transporte por camión,12,3.6,lunes:8:30 am–5:30 pm | martes:8:30 am–5:30 pm | miércoles:8:30 am–5:30 pm | jueves:8:30 am–5:30 pm | viernes:8:30 am–5:30 pm | sábado:Cerrado | domingo:Cerrado,https://www.google.com/maps?cid=14037492864940927233,"Transporte de carga, Valparaiso, Chile",1,
ChIJnTvDu1Q4YpYRSFPQap_n-68,HGT Extraportuarios S.A.,HGT Extraportuarios S.A.,,1,Portuario / Contenedores,Alta,Empresa industrial/logística en zona objetivo con canal de contacto,80,+56 32 232 4200,Fijo,http://www.aep.cl/,aep.cl,Sí,San Antonio,Valparaíso,,"Pablo Neruda 289, Barrancas, San Antonio, Valparaíso",Con número,-33.602529,-71.619701,Almacén,Almacén,336,3.8,,https://www.google.com/maps?cid=12680983847669617480,"Empresa, San Antonio, Chile; Logística en San Antonio, Chile",2,sin_horario
ChIJiYtgwP_hiZYRODe7AjkNryc,Transportes TRG,Transportes TRG,,1,Transporte de carga,Alta,Empresa industrial/logística en zona objetivo con canal de contacto,80,+56 32 276 8062,Fijo,http://www.trg.cl/,trg.cl,Sí,Valparaíso,Valparaíso,,"Camino Antiguo S/N Esquina La Pólvora, Valparaíso",Solo comuna,-33.094456,-71.58416,Empresa de transporte por camión,Empresa de transporte por camión,20,4.4,lunes:9 am–7 pm | martes:9 am–7 pm | miércoles:9 am–7 pm | jueves:9 am–7 pm | viernes:9 am–7 pm | sábado:9 am–1:30 pm | domingo:Cerrado,https://www.google.com/maps?cid=2859518826913675064,"Servicios logísticos, Valparaiso - Chile; Servicios logísticos, Valparaiso, Chile; Transporte de carga, Valparaiso, Chile",3,direccion_imprecisa
ChIJb1_j0XbeiZYRcM2JlVTgF2Q,Servicemaq Ltda,Servicemaq Ltda,,1,Maquinaria / Industrial,Alta,Empresa industrial/logística en zona objetivo con canal de contacto,80,+56 9 6544 1511,Móvil,http://www.servicemaq.cl/servicios,servicemaq.cl,Sí,Viña del Mar,Valparaíso,2520000,"Cancha 106, 2520000 Viña del Mar, Valparaíso",Con número,-33.027546,-71.540489,Proveedor de maquinaria de construcción,Proveedor de maquinaria de construcción,6,2.0,lunes:8 am–6 pm | martes:8 am–6 pm | miércoles:8 am–6 pm | jueves:8 am–6 pm | viernes:8 am–6 pm | sábado:Cerrado | domingo:Cerrado,https://www.google.com/maps?cid=7212479982147849584,"Maquinaria industrial, Viña del Mar-Chile",1,
ChIJESF5OeXgiZYRylgHi9rPRyc,Mger Industrial Ltda,Mger Industrial Ltda,,1,Maquinaria / Industrial,Alta,Empresa industrial/logística en zona objetivo con canal de contacto,80,+56 9 6206 0733,Móvil,http://www.mger.cl/,mger.cl,Sí,Viña del Mar,Valparaíso,,"Camino lajarilla 744 bodega 3A, Viña del Mar, Valparaíso",Con número,-32.977817,-71.489483,Proveedor de maquinaria de construcción,Proveedor de maquinaria de construcción,5,3.4,lunes:9 am–1 pm | martes:9 am–1 pm | miércoles:9 am–1 pm | jueves:9 am–1 pm | viernes:9 am–1 pm | sábado:Cerrado | domingo:Cerrado,https://www.google.com/maps?cid=2830459428367980746,"Maquinaria industrial, Viña del Mar-Chile",1,
ChIJe1rznE04YpYR_akn6Hkop-k,Transportes CaboVerde,Transportes CaboVerde,,1,Transporte de carga,Alta,Empresa industrial/logística en zona objetivo con canal de contacto,80,+56 9 8297 9433,Móvil,http://www.transportescaboverde.cl/,transportescaboverde.cl,Sí,San Antonio,Valparaíso,2660897,"San Pedro 2130, 2660897 San Antonio, Valparaíso",Con número,-33.60938,-71.616533,Empresa de transporte por camión,Empresa de transporte por camión,4,3.3,lunes:8 am–8 pm | martes:8 am–8 pm | miércoles:8 am–8 pm | jueves:8 am–8 pm | viernes:8 am–8 pm | sábado:8 am–8 pm | domingo:8 am–8 pm,https://www.google.com/maps?cid=16836470235998956029,"Transporte de carga, San Antonio, Chile",1,
ChIJ9QouB5_fiZYRvyARZGumRSg,Maquintec,Maquintec,,1,Maquinaria / Industrial,Alta,Empresa industrial/logística en zona objetivo con canal de contacto,80,+56 9 3545 4670,Móvil,https://maquintec.cl/,maquintec.cl,Sí,Viña del Mar,Valparaíso,,"Agua Santa 2455, Viña del Mar, Valparaíso",Con número,-33.039203,-71.569748,Oficinas de empresa,"Oficinas de empresa, Alquiler de maquinaria y equipos industriales, Cuarto de herramientas",3,3.7,lunes:8:30 am–6 pm | martes:8:30 am–6:30 pm | miércoles:8:30 am–6:30 pm | jueves:8:30 am–6:30 pm | viernes:8:30 am–6:30 pm | sábado:Cerrado | domingo:Cerrado,https://www.google.com/maps?cid=2901908515080708287,"Maquinaria industrial, Viña del Mar-Chile",1,
ChIJ02c5Wzc4YpYRMihqhMsnUzs,ICA Transportes,ICA Transportes,,1,Transporte de carga,Alta,Empresa industrial/logística en zona objetivo con canal de contacto,80,+56 35 228 0179,Fijo,http://www.icatransportes.cl/,icatransportes.cl,Sí,San Antonio,Valparaíso,2661191,"El Paico 1202, 2661191 San Antonio, Valparaíso",Con número,-33.622683,-71.608396,Empresa de transporte por camión,Empresa de transporte por camión,3,3.7,lunes:8:30 am–6 pm | martes:8:30 am–6 pm | miércoles:8:30 am–6 pm | jueves:8:30 am–6 pm | viernes:8:30 am–6 pm | sábado:8:30 am–6 pm | domingo:Cerrado,https://www.google.com/maps?cid=4274804226358126642,"Transporte de carga, San Antonio, Chile",1,
ChIJj0oIbl3ciZYRvbfTjTSSrr4,Empresas Carozzi Planta Reñaca,Empresas Carozzi Planta Reñaca,,1,Otros / Servicios empresariales,Alta,Empresa industrial/logística en zona objetivo con canal de contacto,75,+56 32 227 6000,Fijo,,,No,Viña del Mar,Valparaíso,,"Cam. Internacional 2825, Viña del Mar, Valparaíso",Con número,-32.982575,-71.500646,Comercio,Comercio,537,4.5,lunes:8 am–4 pm | martes:8 am–4 pm | miércoles:8 am–4 pm | jueves:8 am–4 pm | viernes:8 am–4 pm | sábado:8 am–4 pm | domingo:Cerrado,https://www.google.com/maps?cid=13740080267569379261,"Empresa, Viña del Mar, Chile",1,sin_web_propia
ChIJOy_3Mv85YpYRlEDRDZPxJkE,AGUNSA EXTRAPORTUARIO - AEXSA,AGUNSA EXTRAPORTUARIO - AEXSA,,1,Portuario / Contenedores,Alta,Empresa industrial/logística en zona objetivo con canal de contacto,75,+56 35 245 6800,Fijo,http://www.aexsa.cl/,aexsa.cl,Sí,San Antonio,Valparaíso,,"San Antonio, Valparaíso",Solo comuna,-33.586288,-71.579295,Almacén,Almacén,227,3.9,lunes:9 am–9 pm | martes:9 am–9 pm | miércoles:9 am–9 pm | jueves:9 am–9 pm | viernes:9 am–9 pm | sábado:9 am–3 pm | domingo:Cerrado,https://www.google.com/maps?cid=4694705275474624660,"Bodegas y almacenaje, San Antonio",1,direccion_imprecisa
ChIJb6g1Zfg4YpYRNUoyyQOwvLk,Ferretería Antofagasta,Ferretería Antofagasta,,1,Maquinaria / Industrial,Alta,Empresa industrial/logística en zona objetivo con canal de contacto,75,+56 9 9744 6775,Móvil,https://wa.me/56997446775,wa.me,No,San Antonio,Valparaíso,2662798,"Antofagasta 214, 2662798 San Antonio, Valparaíso",Con número,-33.59618,-71.610255,Tienda de herramientas,"Tienda de herramientas, Mercado de materiales de construcción, Establecimiento de venta de madera, Proveedor de metales, Proveedor de madera",60,4.5,lunes:9 am–2 pm | martes:9 am–2 pm | miércoles:9 am–2 pm | jueves:9 am–2 pm | viernes:9 am–2 pm | sábado:9:30 am–1:30 pm | domingo:Cerrado,https://www.google.com/maps?cid=13383765722945178165,"Maquinaria industrial, San Antonio, Chile",1,sin_web_propia
ChIJm4tO6kDgiZYR5A_SLU9biVg,Altos del Puerto,Altos del Puerto,,1,Logística / Almacenaje,Alta,Empresa industrial/logística en zona objetivo con canal de contacto,75,+56 9 7748 2466,Móvil,http://www.altosdelpuerto.cl/,altosdelpuerto.cl,Sí,Valparaíso,Valparaíso,,"Camino La Pólvora 106, Valparaíso",Con número,-33.095563,-71.599969,Bodega,Bodega,46,3.8,,https://www.google.com/maps?cid=6379730742776303588,"Bodegas, Valparaíso - Chile",2,sin_horario
ChIJXYWy60bDiZYRE1elK25TwIU,BASF Concón,BASF Concón,,1,Química / Energía,Alta,Empresa industrial/logística en zona objetivo con canal de contacto,75,+56 32 226 7500,Fijo,http://www.basf.cl/,basf.cl,Sí,Quintero,Valparaíso,,"Quintero, Valparaíso",Solo comuna,-32.915821,-71.496033,Planta química,Planta química,7,4.7,lunes:8 am–6 pm | martes:8 am–6 pm | miércoles:8 am–6 pm | jueves:8 am–6 pm | viernes:8 am–6 pm | sábado:8 am–6 pm | domingo:Cerrado,https://www.google.com/maps?cid=9637794935216625427,"Procesos Químicos, Concón - Chile",2,direccion_imprecisa
ChIJWU61uN85YpYR12pGP1ryJdU,MAKK SpA,MAKK SpA,,1,Maquinaria / Industrial,Alta,Empresa industrial/logística en zona objetivo con canal de contacto,75,+56 9 4749 7378,Móvil,http://www.makk.cl/,makk.cl,Sí,San Antonio,Valparaíso,2662936,"Republica 1937, 2662936 Barrancas, San Antonio, Valparaíso",Con número,-33.59915,-71.60842,Servicio de alquiler de herramientas,Servicio de alquiler de herramientas,,,lunes:8:30 am–1:30 pm | martes:8:30 am–1:30 pm | miércoles:8:30 am–1:30 pm | jueves:8:30 am–1:30 pm | viernes:8:30 am–1:30 pm | sábado:Cerrado | domingo:Cerrado,https://www.google.com/maps?cid=15358948573639502551,Maquinaria (archivo),2,sin_resenas
ChIJifX48385YpYRzRgugRuarwo,Inversiones Kanin Ltda,Inversiones Kanin Ltda,,1,Maquinaria / Industrial,Alta,Empresa industrial/logística en zona objetivo con canal de contacto,75,+56 9 7900 5720,Móvil,https://www.kanin.cl/,kanin.cl,Sí,San Antonio,Valparaíso,2660000,"Divina Providencia 2105, Depto 1, 2660000 San Antonio, Valparaíso",Con número,-33.611124,-71.61593,Empresa de movimiento de tierras,"Empresa de movimiento de tierras, Empresa de recogida de escombros",,,lunes:8 am–6 pm | martes:8 am–6 pm | miércoles:8 am–6 pm | jueves:8 am–6 pm | viernes:8 am–6 pm | sábado:8 am–2 pm | domingo:Cerrado,https://www.google.com/maps?cid=770003504225720525,Maquinaria (archivo),2,sin_resenas
ChIJqXTam6TdiZYRpFJgmTXNuNc,Intermarine Services Group,Intermarine Services Group,,1,Maquinaria / Industrial,Alta,Empresa industrial/logística en zona objetivo con canal de contacto,75,+56 9 3263 5175,Móvil,https://www.intermarineservices.cl/,intermarineservices.cl,Sí,Viña del Mar,Valparaíso,2520000,"2 Ote. 124, Of. 205, 2520000 Viña del Mar, Valparaíso",Con número,-33.021511,-71.548534,Empresa de suministros industriales,Empresa de suministros industriales,,,lunes:Abierto las 24 horas | martes:Abierto las 24 horas | miércoles:Abierto las 24 horas | jueves:Abierto las 24 horas | viernes:Abierto las 24 horas | sábado:Abierto las 24 horas | domingo:Abierto las 24 horas,https://www.google.com/maps?cid=15544399743959454372,Manufactura (archivo),1,sin_resenas
ChIJz3X5dcjdiZYRaBFIjWu_Yio,A1 Maquinarias,A1 Maquinarias,,1,Maquinaria / Industrial,Alta,Empresa industrial/logística en zona objetivo con canal de contacto,75,+56 9 5283 4355,Móvil,https://a1maquinarias.cl/,a1maquinarias.cl,Sí,Viña del Mar,Valparaíso,2500000,"1 Pte 18, Ofi C1, 2500000 Viña del Mar, Valparaíso",Con número,-33.022146,-71.552638,Empresa de suministros industriales,"Empresa de suministros industriales, Servicio de alquiler de equipos para la construcción, Proveedor de maquinaria de construcción, Concesionario de maquinaria de construcción, Servicio de alquiler de maquinaria para construcción, Taller de maquinaria, Equipo para minería",,,lunes:8 am–7 pm | martes:8 am–7 pm | miércoles:8 am–7 pm | jueves:8 am–7 pm | viernes:8 am–7 pm | sábado:9 am–3 pm | domingo:Cerrado,https://www.google.com/maps?cid=3054213965963333992,Maquinaria (archivo),1,sin_resenas
ChIJxZqFMMHdiZYRUrvlkQLBz_E,Acemar Chile Ltda,Acemar Chile Ltda,,1,Maquinaria / Industrial,Alta,Empresa industrial/logística en zona objetivo con canal de contacto,75,+56 32 336 6411,Fijo,http://www.acemarchile.cl/conctactenos/,acemarchile.cl,Sí,Viña del Mar,Valparaíso,2552387,"Raul Toro 144 Achupallas, 2552387 Viña del Mar, Valparaíso",Con número,-33.000318,-71.514089,Empresa de suministros industriales,Empresa de suministros industriales,,,lunes:9 am–6 pm | martes:9 am–6 pm | miércoles:9 am–6 pm | jueves:9 am–6 pm | viernes:9 am–6 pm | sábado:Cerrado | domingo:Cerrado,https://www.google.com/maps?cid=17424357700101585746,Maquinaria (archivo),1,sin_resenas
ChIJjy3J5FPdiZYRBc9bfd1p9mU,Vidangossy Maquinaria,Vidangossy Maquinaria,,1,Maquinaria / Industrial,Alta,Empresa industrial/logística en zona objetivo con canal de contacto,75,+56 9 8731 9307,Móvil,https://vidangossymaquinaria.com/,vidangossymaquinaria.com,Sí,Concón,Valparaíso,2510000,"Av. Concón Reñaca 4000, Ofi 203, 2510000 Concón, Valparaíso",Con número,-32.93746,-71.545341,Proveedor de equipos para fábricas,Proveedor de equipos para fábricas,,,lunes:8 am–6 pm | martes:8 am–6 pm | miércoles:8 am–6 pm | jueves:8 am–6 pm | viernes:8 am–6 pm | sábado:8 am–2:30 pm | domingo:Cerrado,https://www.google.com/maps?cid=7347176242113400581,Maquinaria (archivo),1,sin_resenas
ChIJlfcyVCnhiZYRMOrr-s2b2H4,Locargo Transporte y Logística,Locargo Transporte y Logística,,1,Transporte de carga,Alta,Empresa industrial/logística en zona objetivo con canal de contacto,75,+56 9 7698 9476,Móvil,https://www.locargo.cl/,locargo.cl,Sí,Valparaíso,Valparaíso,2340000,"Esmeralda 973, Ofi 502, 2340000 Valparaíso",Con número,-33.04096,-71.625364,Servicio de envíos,"Servicio de envíos, Servicio de transporte",,,lunes:9 am–5 pm | martes:9 am–5 pm | miércoles:9 am–5 pm | jueves:9 am–5 pm | viernes:9 am–5 pm | sábado:Cerrado | domingo:Cerrado,https://www.google.com/maps?cid=9140226752728787504,Servicios logísticos (archivo),2,sin_resenas
ChIJV-1YbsLhiZYR2zSaai1uM90,Compañía de Servicios Integrales de Transportes y Aduaneros SPA,Compañía de Servicios Integrales de Transportes y Aduaneros SPA,,1,Transporte de carga,Alta,Empresa industrial/logística en zona objetivo con canal de contacto,75,+56 9 5144 2374,Móvil,http://www.ncsita.com/,ncsita.com,Sí,Valparaíso,Valparaíso,2340000,"Prat 814, Ofi 503, 2340000 Valparaíso",Con número,-33.040344,-71.627365,Empresa de transporte por camión,Empresa de transporte por camión,,,lunes:9 am–5 pm | martes:9 am–5 pm | miércoles:9 am–5 pm | jueves:9 am–5 pm | viernes:9 am–5 pm | sábado:9 am–1 pm | domingo:Cerrado,https://www.google.com/maps?cid=15939204647535391963,Servicios logísticos (archivo),2,sin_resenas
ChIJEV5ikqrfiZYRCpoBgwrOzIg,Transportes Marcelo Sepúlveda,Transportes Marcelo Sepúlveda,,1,Transporte de carga,Alta,Empresa industrial/logística en zona objetivo con canal de contacto,70,+56 9 7621 6002,Móvil,,,No,Viña del Mar,Valparaíso,2520000,"Av. Valdivia 212, 2520000 Viña del Mar, Valparaíso",Con número,-33.041405,-71.528312,Servicio de mudanzas,Servicio de mudanzas,40,5.0,lunes:Abierto las 24 horas | martes:Abierto las 24 horas | miércoles:Abierto las 24 horas | jueves:Abierto las 24 horas | viernes:Abierto las 24 horas | sábado:Abierto las 24 horas | domingo:Abierto las 24 horas,https://www.google.com/maps?cid=9857480228950088202,"Transporte de carga, Viña del Mar, Chile",2,sin_web_propia
ChIJmyBh1N7eiZYRyymKwdg5rDE,Química Passol S.A.,Química Passol S.A.,,1,Química / Energía,Alta,Empresa industrial/logística en zona objetivo con canal de contacto,70,,Sin teléfono,https://www.passol.cl/,passol.cl,Sí,Viña del Mar,Valparaíso,2520651,"C. Limache 4225, 2520651 Viña del Mar, Valparaíso",Con número,-33.050182,-71.506294,Pintura,"Pintura, Planta química, Fabricante de pinturas",25,4.1,lunes:8 am–6 pm | martes:8 am–6 pm | miércoles:8 am–6 pm | jueves:8 am–6 pm | viernes:8 am–6 pm | sábado:Cerrado | domingo:Cerrado,https://www.google.com/maps?cid=3579299406975478219,"Procesos Químicos, Concón - Chile; Procesos Químicos, Quilpué - Chile",3,sin_telefono
ChIJbUqcgGhHYpYR4oA0XCFrz5U,Transportes Nuevo Mundo,Transportes Nuevo Mundo,,1,Transporte de carga,Alta,Empresa industrial/logística en zona objetivo con canal de contacto,70,,Sin teléfono,https://www.transportesnm.cl/,transportesnm.cl,Sí,San Antonio,Valparaíso,,"Las Acacias 176, San Antonio, Valparaíso",Con número,-33.562914,-71.558333,Oficinas de empresa,Oficinas de empresa,22,4.7,lunes:8 am–10 pm | martes:8 am–10 pm | miércoles:8 am–10 pm | jueves:8 am–10 pm | viernes:8 am–10 pm | sábado:8 am–6 pm | domingo:Cerrado,https://www.google.com/maps?cid=10794964622855405794,"Transporte de carga, San Antonio, Chile",1,sin_telefono
ChIJ92VVPmPeiZYR3eeshGAjn1c,Transportes Artisa,Transportes Artisa,,1,Transporte de carga,Alta,Empresa industrial/logística en zona objetivo con canal de contacto,70,+56 32 218 7550,Fijo,,,No,Viña del Mar,Valparaíso,,"1 Nte. 2461, Viña del Mar, Valparaíso",Con número,-33.032845,-71.529174,Servicio de transporte,Servicio de transporte,15,4.7,lunes:8:30 am–6:30 pm | martes:8:30 am–6:30 pm | miércoles:8:30 am–6:30 pm | jueves:8:30 am–6:30 pm | viernes:8:30 am–6:30 pm | sábado:Cerrado | domingo:Cerrado,https://www.google.com/maps?cid=6313804100046481373,"Transporte de carga, Viña del Mar, Chile",2,sin_web_propia
ChIJPdCNnvPeiZYRfZ4JSCREMc0,Starken Viña Central Carga,Starken Viña Central Carga,,1,Transporte de carga,Alta,Empresa industrial/logística en zona objetivo con canal de contacto,65,,Sin teléfono,https://www.starken.cl/,starken.cl,Sí,Viña del Mar,Valparaíso,2562231,"bodega 13 - C. Limache N°3400, 2562231 Viña del Mar, Valparaíso",Con número,-33.043809,-71.518378,Empresa de transporte por camión,"Empresa de transporte por camión, Oficina de correos, Servicio de mensajería",215,2.7,lunes:9 am–6:30 pm | martes:9 am–6:30 pm | miércoles:9 am–6:30 pm | jueves:9 am–6:30 pm | viernes:9 am–6:30 pm | sábado:9 am–1 pm | domingo:Cerrado,https://www.google.com/maps?cid=14785673974252150397,"Transporte de carga, Viña del Mar, Chile",2,sin_telefono
ChIJY6NavVM4YpYRWIju5KJpa_s,Sitrans San Antonio Bajo,Sitrans San Antonio Bajo,,1,Otros / Servicios empresariales,Alta,Empresa industrial/logística en zona objetivo con canal de contacto,65,+56 35 236 2100,Fijo,,,No,San Antonio,Valparaíso,,"Bernardo O'Higgins Riquelme 2767, San Antonio, Valparaíso",Con número,-33.60458,-71.616111,Oficinas de empresa,Oficinas de empresa,159,4.0,,https://www.google.com/maps?cid=18116690074374408280,"Empresa, San Antonio, Chile",1,"sin_web_propia, sin_horario"
ChIJpbVg4eE4YpYRX7eoEeXZFj8,Puerto Panul S.A.,Puerto Panul S.A.,,1,Otros / Servicios empresariales,Alta,Empresa industrial/logística en zona objetivo con canal de contacto,65,,Sin teléfono,http://www.puertopanul.cl/,puertopanul.cl,Sí,San Antonio,Valparaíso,,"Antonio Núñez de Fonseca 440, San Antonio, Valparaíso",Con número,-33.581255,-71.619611,Oficinas de empresa,Oficinas de empresa,75,4.4,,https://www.google.com/maps?cid=4546060451744102239,"Empresa, San Antonio, Chile",1,"sin_telefono, sin_horario"
ChIJ8daEza05YpYRk_rvwpVriEo,Nodo Logistico,Nodo Logistico,,1,Logística / Almacenaje,Alta,Empresa industrial/logística en zona objetivo con canal de contacto,65,+56 9 6655 2831,Móvil,,,No,San Antonio,Valparaíso,,"La Playa 34, San Antonio, Valparaíso",Con número,-33.607457,-71.625016,Servicio de logística,Servicio de logística,72,3.9,lunes:8 am–12 pm | martes:8 am–12 pm | miércoles:8 am–12 pm | jueves:8 am–12 pm | viernes:8 am–12 pm | sábado:8 am–12 pm | domingo:Cerrado,https://www.google.com/maps?cid=5370660846604122771,"Logística en San Antonio, Chile; Servicios logísticos, San Antonio, Chile",2,sin_web_propia
ChIJ99HLpsw5YpYROURRiPBmqH8,Planta San Antonio,Planta San Antonio,,1,Otros / Servicios empresariales,Alta,Empresa industrial/logística en zona objetivo con canal de contacto,65,,Sin teléfono,https://unacem.cl/,unacem.cl,Sí,San Antonio,Valparaíso,2660000,"Ruta G-56, Acceso al puerto 2549, 2660000 San Antonio, Valparaíso",Con número,-33.595652,-71.589409,Oficinas de empresa,Oficinas de empresa,7,5.0,lunes:9 am–7 pm | martes:9 am–7 pm | miércoles:9 am–7 pm | jueves:9 am–7 pm | viernes:9 am–7 pm | sábado:Cerrado | domingo:Cerrado,https://www.google.com/maps?cid=9198715422169449529,"Empresa, San Antonio, Chile",1,sin_telefono
ChIJlQkmhwQ5YpYRgmHcuSt6us4,COSEDUCAM S.A.,COSEDUCAM S.A.,,1,Logística / Almacenaje,Alta,Empresa industrial/logística en zona objetivo con canal de contacto,65,+56 35 221 2005,Fijo,,,No,San Antonio,Valparaíso,2660000,"J.L Sanfuentes A 1137, 2660000 San Antonio, Valparaíso",Con número,-33.588741,-71.613808,Servicio de gestión de residuos,"Servicio de gestión de residuos, Servicio de mensajería",5,4.8,lunes:Abierto las 24 horas | martes:Abierto las 24 horas | miércoles:Abierto las 24 horas | jueves:Abierto las 24 horas | viernes:Abierto las 24 horas | sábado:Abierto las 24 horas | domingo:Abierto las 24 horas,https://www.google.com/maps?cid=14896353045701747074,"Servicios logísticos, San Antonio, Chile",1,sin_web_propia
ChIJV1hlfx_fiZYRKocrpicu9DA,Aerzen Chile S.P.A.,"Aerzen Chile S.P.A. | Compresores, Sopladores y Turbosopladores",,1,Maquinaria / Industrial,Alta,Empresa industrial/logística en zona objetivo con canal de contacto,65,,Sin teléfono,https://www.aerzen.com/chile,aerzen.com,Sí,Viña del Mar,Valparaíso,2562231,"C. Limache 3116, 2562231 Viña del Mar, Valparaíso",Con número,-33.039722,-71.524436,Empresa de suministros industriales,Empresa de suministros industriales,4,4.0,lunes:8:30 am–5:30 pm | martes:8:30 am–5:30 pm | miércoles:8:30 am–5:30 pm | jueves:8:30 am–5:30 pm | viernes:8:30 am–5:30 pm | sábado:Cerrado | domingo:Cerrado,https://www.google.com/maps?cid=3527495155964413738,"Maquinaria industrial, Viña del Mar-Chile",1,"sin_telefono, nombre_corregido"
ChIJC5D3jvt1YpYRHn3LpOFzMvM,Rentas Valfrio Limitada,Rentas Valfrio Limitada,Delfrio Frigorífico de Valparaiso S.A.,2,Frío / Alimentos,Alta,Empresa industrial/logística en zona objetivo con canal de contacto,65,+56 32 229 1166,Fijo,,,No,Valparaíso,Valparaíso,2340000,"Ruta 68 N° 1173 (Ex 1240) Placilla, 2340000 Valparaíso",Con número,-33.118454,-71.560426,Instalación de almacenamiento en frío,Instalación de almacenamiento en frío,1,5.0,lunes:8:30 am–6 pm | martes:8:30 am–6 pm | miércoles:8:30 am–6 pm | jueves:8:30 am–6 pm | viernes:8:30 am–6 pm | sábado:Cerrado | domingo:Cerrado,https://www.google.com/maps?cid=17524196513021656350,"Frigoríficos, V Región, Chile",1,sin_web_propia
ChIJj4m39ujNiZYRtDG8zj3SEtM,Frigorífico Lihuen,Frigorífico Lihuen,,1,Frío / Alimentos,Alta,Empresa industrial/logística en zona objetivo con canal de contacto,65,,Sin teléfono,https://holdinglihuen.cl/,holdinglihuen.cl,Sí,Quillota,Valparaíso,2260000,"C. Herboso 64, B, 2260000 Quillota, Valparaíso",Con número,-32.87794,-71.239018,Instalación de almacenamiento en frío,"Instalación de almacenamiento en frío, Carnicería, Planta de refrigeración",1,5.0,lunes:8 am–4 pm | martes:8 am–4 pm | miércoles:8 am–4 pm | jueves:8 am–4 pm | viernes:8 am–4 pm | sábado:Cerrado | domingo:Cerrado,https://www.google.com/maps?cid=15209450054486864308,"Frigoríficos, V Región, Chile",1,sin_telefono
ChIJsZaZBKs5YpYR9Sxi3a6NM80,Frulog,Frulog,,1,Transporte de carga,Alta,Empresa industrial/logística en zona objetivo con canal de contacto,65,,Sin teléfono,https://www.frulog.cl/,frulog.cl,Sí,San Antonio,Valparaíso,2660000,"Sanfuentes 2096, 2660000 Valparaíso, San Antonio, Valparaíso",Con número,-33.598801,-71.614104,Empresa de transporte por camión,Empresa de transporte por camión,1,4.0,lunes:9 am–6 pm | martes:9 am–6 pm | miércoles:9 am–6 pm | jueves:9 am–6 pm | viernes:9 am–6 pm | sábado:Cerrado | domingo:Cerrado,https://www.google.com/maps?cid=14786317783765495029,"Logística en San Antonio, Chile; Servicios logísticos, San Antonio, Chile; Transporte de carga, San Antonio, Chile",3,sin_telefono
ChIJiUFHU2vhiZYRWvc28PYYr6s,Transportes GyC Valparaíso,Transportes GyC Valparaíso,,1,Transporte de carga,Alta,Empresa industrial/logística en zona objetivo con canal de contacto,65,+56 9 8213 9767,Móvil,,,No,Valparaíso,Valparaíso,2340000,"pasaje el peumo - El Criquet, casa 34, 2340000 Valparaíso",Con número,-33.06587,-71.643531,Empresa de transporte por camión,Empresa de transporte por camión,1,5.0,lunes:8:30 am–7:30 pm | martes:8:30 am–7:30 pm | miércoles:8:30 am–7:30 pm | jueves:8:30 am–7:30 pm | viernes:8:30 am–7:30 pm | sábado:8:30 am–7:30 pm | domingo:Cerrado,https://www.google.com/maps?cid=12371134150281197402,"Transporte de carga, Valparaiso, Chile",1,sin_web_propia
ChIJ5YqMzEN1YpYR7h4l2h5j-r4,Transporte Carreño & Carreño spa,Transporte Carreño & Carreño spa,,1,Transporte de carga,Alta,Empresa industrial/logística en zona objetivo con canal de contacto,65,+56 9 5051 6100,Móvil,,,No,Valparaíso,Valparaíso,,"2350, Valparaíso",Con número,-33.129962,-71.551331,Empresa de transporte por camión,Empresa de transporte por camión,1,5.0,lunes:Abierto las 24 horas | martes:Abierto las 24 horas | miércoles:Abierto las 24 horas | jueves:Abierto las 24 horas | viernes:Abierto las 24 horas | sábado:Abierto las 24 horas | domingo:Abierto las 24 horas,https://www.google.com/maps?cid=13761420595544006382,"Transporte de carga, Valparaiso, Chile",1,sin_web_propia
ChIJ8VGIq1rfiZYRa-LT7rucytM,Cifuentes Zúñiga Transportes y Servicios Ltda.,Cifuentes Zúñiga Transportes y Servicios Ltda.,,1,Transporte de carga,Alta,Empresa industrial/logística en zona objetivo con canal de contacto,65,+56 9 7995 7860,Móvil,,,No,Viña del Mar,Valparaíso,2570023,"Jackson 900 Magenta 6 depto 62, 2570023 Valparaíso, Viña del Mar, Valparaíso",Con número,-33.031097,-71.539122,Empresa de transporte por camión,Empresa de transporte por camión,1,5.0,lunes:Abierto las 24 horas | martes:Abierto las 24 horas | miércoles:Abierto las 24 horas | jueves:Abierto las 24 horas | viernes:Abierto las 24 horas | sábado:Abierto las 24 horas | domingo:Abierto las 24 horas,https://www.google.com/maps?cid=15261182618278027883,"Transporte de carga, Viña del Mar, Chile",2,sin_web_propia
ChIJnxpS6XLZiZYRqqr6OyHPPq8,Transportes Arichile,Transportes Arichile,,1,Transporte de carga,Alta,Empresa industrial/logística en zona objetivo con canal de contacto,65,+56 9 6350 5920,Móvil,http://transportesarichile.negocio.site/,negocio.site,No,Viña del Mar,Valparaíso,2430000,"6medio oriente 280 viña del mar Quilpué, 2430000 Valparaíso, Viña del Mar, Valparaíso",Con número,-33.020116,-71.54259,Empresa de transporte por camión,Empresa de transporte por camión,1,5.0,lunes:8 am–6 pm | martes:8 am–6 pm | miércoles:8 am–6 pm | jueves:8 am–6 pm | viernes:8 am–6 pm | sábado:Cerrado | domingo:Cerrado,https://www.google.com/maps?cid=12627758146840603306,"Transporte de carga, Viña del Mar, Chile",2,sin_web_propia
ChIJxUddSq05YpYRYcTsx00HSrc,Sociedad De Servicios Portuarios Y Logistica Margomz Ltda.,Sociedad De Servicios Portuarios Y Logistica Margomz Ltda.,,1,Portuario / Contenedores,Alta,Empresa industrial/logística en zona objetivo con canal de contacto,65,+56 35 228 2862,Fijo,,,No,San Antonio,Valparaíso,2660916,"La Playa 382, 2660916 San Antonio, Valparaíso",Con número,-33.607944,-71.620097,Oficinas de empresa,Oficinas de empresa,1,5.0,lunes:8:30 am–6 pm | martes:8:30 am–6 pm | miércoles:8:30 am–6 pm | jueves:8:30 am–6 pm | viernes:8:30 am–6 pm | sábado:9 am–12 pm | domingo:Cerrado,https://www.google.com/maps?cid=13207376887865459809,"Servicios logísticos, San Antonio, Chile",1,sin_web_propia
ChIJL_cOP8HgiZYRhClm-WLb-t4,Frigorifico Fiordosur Sa,Frigorifico Fiordosur Sa,,1,Frío / Alimentos,Alta,Empresa industrial/logística en zona objetivo con canal de contacto,65,+56 32 262 4922,Fijo,http://www.fiordosur.cl/,fiordosur.cl,Sí,Valparaíso,Valparaíso,2350789,"Filippo Lippi 325, 2350789 Valparaíso",Con número,-33.049134,-71.600556,Mayorista de marisco,Mayorista de marisco,,,,https://www.google.com/maps?cid=16067395838735165828,15-Records-Frigorífic-202610052352.csv,1,"sin_resenas, sin_horario"
ChIJpwq6n0jhiZYRWGcPNDqj3yM,Leschaco (Chile) S A Valparaíso Office,Leschaco (Chile) S A Valparaíso Office,,1,Logística / Almacenaje,Alta,Empresa industrial/logística en zona objetivo con canal de contacto,65,+56 2 2731 3000,Fijo,https://www.leschaco.com/en/start.html#,leschaco.com,Sí,Valparaíso,Valparaíso,2361801,"Cochrane 639, Piso 5 Oficina 51, 2361801 Valparaíso",Con número,-33.039023,-71.628383,Servicio de logística,Servicio de logística,,,,https://www.google.com/maps?cid=2584964181510809432,Servicios logísticos (archivo),2,"sin_resenas, sin_horario"
ChIJy_QpgOHdiZYRdK8_AKyvnxg,Arca Transportes,Arca Transportes,,1,Transporte de carga,Alta,Empresa industrial/logística en zona objetivo con canal de contacto,60,+56 9 9739 5119,Móvil,,,No,Viña del Mar,Valparaíso,2520000,"1 Nte. 461, Of. 703, 2520000 Viña del Mar, Valparaíso",Con número,-33.02177,-71.55446,Servicio de lanzadera,"Servicio de lanzadera, Servicio de transporte",43,5.0,,https://www.google.com/maps?cid=1774329931480674164,"Transporte de carga, Viña del Mar, Chile",2,"sin_web_propia, sin_horario"
ChIJ515SM3HeiZYREvkg6nTs7Xk,Tecnomak Viña del mar,Tecnomak Viña del mar,,1,Maquinaria / Industrial,Alta,Empresa industrial/logística en zona objetivo con canal de contacto,60,+56 32 254 5700,Fijo,,,No,Viña del Mar,Valparaíso,2581437,"Cancha 175, 2581437 Viña del Mar, Valparaíso",Con número,-33.028105,-71.540936,Tienda de materiales para la construcción,"Tienda de materiales para la construcción, Proveedor de maquinaria de construcción, Tienda de herramientas, Tienda de suministros para soldadura",32,3.7,lunes:8:30 am–1:30 pm | martes:8:30 am–1:30 pm | miércoles:8:30 am–1:30 pm | jueves:8:30 am–1:30 pm | viernes:8:30 am–1:30 pm | sábado:Cerrado | domingo:Cerrado,https://www.google.com/maps?cid=8785938434958096658,"Maquinaria industrial, Viña del Mar-Chile",1,sin_web_propia
ChIJ2SGqqQlHYpYR8xsjIE0ayIU,Transportes Pia Ltda.,Transportes Pia Ltda.,,1,Transporte de carga,Alta,Empresa industrial/logística en zona objetivo con canal de contacto,60,+56 9 6617 2505,Móvil,,,No,San Antonio,Valparaíso,,"Unnamed Road, San Antonio, Valparaíso",Camino sin nombre,-33.563284,-71.566673,Empresa de transporte por camión,Empresa de transporte por camión,30,4.3,lunes:8:30 am–10 pm | martes:8:30 am–10 pm | miércoles:8:30 am–10 pm | jueves:8:30 am–10 pm | viernes:8:30 am–10 pm | sábado:8:30 am–8 pm | domingo:Cerrado,https://www.google.com/maps?cid=9639983920940522483,"Transporte de carga, San Antonio, Chile",1,"sin_web_propia, direccion_imprecisa"
ChIJz2_QrEg4YpYR5D9to0vRTyY,Maquinas Cubillos,Maquinas Cubillos,,1,Maquinaria / Industrial,Alta,Empresa industrial/logística en zona objetivo con canal de contacto,60,+56 35 228 2570,Fijo,,,No,San Antonio,Valparaíso,2660214,"Av. Chile 300-390, 2660214 San Antonio, Valparaíso",Con número,-33.612717,-71.608782,Centro comercial,Centro comercial,27,3.7,lunes:9:30 am–2 pm | martes:9:30 am–2 pm | miércoles:9:30 am–2 pm | jueves:9:30 am–2 pm | viernes:9:30 am–2 pm | sábado:11 am–2 pm | domingo:Cerrado,https://www.google.com/maps?cid=2760655219396001764,"Maquinaria industrial, San Antonio -Chile; Maquinaria industrial, San Antonio, Chile",2,sin_web_propia
ChIJTdxlcH45YpYRqXCPf_DrVHg,Consorcio,Consorcio,,1,Logística / Almacenaje,Alta,Empresa industrial/logística en zona objetivo con canal de contacto,60,+56 9 5419 1869,Móvil,,,No,San Antonio,Valparaíso,,"Unnamed Road, San Antonio, Valparaíso",Camino sin nombre,-33.600944,-71.592645,Almacén,Almacén,27,4.2,lunes:8 am–10 pm | martes:8 am–10 pm | miércoles:8 am–10 pm | jueves:8 am–10 pm | viernes:8 am–10 pm | sábado:8 am–3 pm | domingo:Cerrado,https://www.google.com/maps?cid=8670814600759832745,"Bodegas y almacenaje, San Antonio",1,"sin_web_propia, direccion_imprecisa"
ChIJbQcujPn1YpYR9FC9B0IAVx0,Agrícola Randu,Agrícola Randu,,1,Vitivinícola / Agrícola,Alta,Empresa industrial/logística en zona objetivo con canal de contacto,60,,Sin teléfono,http://www.randu.cl/,randu.cl,Sí,Curacaví,Metropolitana,,"Unnamed Road, Curacaví, Región Metropolitana",Camino sin nombre,-33.400473,-71.097607,Mayorista de productos agrícolas,Mayorista de productos agrícolas,26,4.3,lunes:9 am–5 pm | martes:9 am–5 pm | miércoles:9 am–5 pm | jueves:9 am–5 pm | viernes:9 am–5 pm | sábado:Cerrado | domingo:Cerrado,https://www.google.com/maps?cid=2114158833671426292,"Agricola, Curacavi, Chile",1,"sin_telefono, direccion_imprecisa"
ChIJp80lM0B1YpYRpDUbl55TMCs,SAMEX Valparaíso,SAMEX Valparaíso,,1,Transporte de carga,Alta,Empresa industrial/logística en zona objetivo con canal de contacto,60,,Sin teléfono,https://www.samex.cl/,samex.cl,Sí,Valparaíso,Valparaíso,2340000,"Décima Avenida 2450, 2340000 Valparaíso",Con número,-33.130616,-71.551216,Servicio de transporte,Servicio de transporte,15,2.7,lunes:9 am–6 pm | martes:9 am–6 pm | miércoles:9 am–6 pm | jueves:9 am–6 pm | viernes:9 am–5 pm | sábado:Cerrado | domingo:Cerrado,https://www.google.com/maps?cid=3112079283118093732,"Servicios logísticos, Valparaiso, Chile; Transporte de carga, Valparaiso, Chile",2,sin_telefono
ChIJN5uIq9vhiZYRv1Rm-xYqkTI,Logistica Transpiscis Limitada,Logistica Transpiscis Limitada,,1,Transporte de carga,Alta,Empresa industrial/logística en zona objetivo con canal de contacto,60,,Sin teléfono,http://web.inverzal.cl/tpweb/,inverzal.cl,Sí,Valparaíso,Valparaíso,,"Camino Antiguo A Santiago 390, Valparaíso",Con número,-33.092781,-71.587376,Empresa de transporte por camión,Empresa de transporte por camión,13,4.5,,https://www.google.com/maps?cid=3643739851714876607,"Servicios logísticos, Valparaiso - Chile; Servicios logísticos, Valparaiso, Chile; Transporte de carga, Valparaiso, Chile",3,"sin_telefono, sin_horario"
ChIJmzxMXuE4YpYRS8zm2l0ded8,PUERTO SAN ANTONIO,PUERTO SAN ANTONIO,PUERTO SAN ANTONIO,2,Logística / Almacenaje,Alta,Empresa industrial/logística en zona objetivo con canal de contacto,55,,Sin teléfono,http://www.puertosanantonio.com/,puertosanantonio.com,Sí,San Antonio,Valparaíso,2663160,"P.º El Mar, 2663160 San Antonio, Valparaíso",Sin número,-33.581263,-71.615231,Servicio de logística,Servicio de logística,958,4.5,,https://www.google.com/maps?cid=16102934231581641803,"Logística en San Antonio, Chile; Servicios logísticos, San Antonio, Chile",2,"sin_telefono, direccion_imprecisa, sin_horario"
ChIJ6RqogdBHYpYR0HLSPNkGQ3U,Transportes Alher Logística,Transportes Alher Logística,,1,Transporte de carga,Alta,Empresa industrial/logística en zona objetivo con canal de contacto,55,,Sin teléfono,http://logisticaalher.cl/,logisticaalher.cl,Sí,San Antonio,Valparaíso,,"San Antonio, Valparaíso",Solo comuna,-33.572313,-71.565713,Servicio de transporte,Servicio de transporte,28,4.6,lunes:8:30 am–6:30 pm | martes:8:30 am–6:30 pm | miércoles:8:30 am–6:30 pm | jueves:8:30 am–6:30 pm | viernes:8:30 am–6:30 pm | sábado:Cerrado | domingo:Cerrado,https://www.google.com/maps?cid=8449604855975277264,"Logística en San Antonio, Chile; Transporte de carga, San Antonio, Chile",2,"sin_telefono, direccion_imprecisa"
ChIJoycOF4LdiZYRohriXV5SPRg,Fletes y mudanzas - Nano transportes,Fletes y mudanzas - Nano transportes,,1,Transporte de carga,Alta,Empresa industrial/logística en zona objetivo con canal de contacto,55,+56 9 9323 4839,Móvil,,,No,Viña del Mar,Valparaíso,6444444,"Sta. Inés 1665, 6444444 Viña del Mar, Valparaíso",Con número,-33.005436,-71.539659,Empresa de transporte por camión,Empresa de transporte por camión,4,3.0,lunes:8 am–6 pm | martes:8 am–6 pm | miércoles:8 am–6 pm | jueves:8 am–6 pm | viernes:8 am–6 pm | sábado:Cerrado | domingo:Cerrado,https://www.google.com/maps?cid=1746642795745122978,"Transporte de carga, Viña del Mar, Chile",2,sin_web_propia
ChIJbTnzdFY4YpYR7UKZ5iQBaOE,Soldseind Chile,Soldseind Chile,,1,Maquinaria / Industrial,Alta,Empresa industrial/logística en zona objetivo con canal de contacto,55,+56 35 229 1945,Fijo,,,No,San Antonio,Valparaíso,2662766,"Tres Sur 39, 2662766 San Antonio, Valparaíso",Con número,-33.598842,-71.613798,Tienda de suministros para soldadura,"Tienda de suministros para soldadura, Asesor, Tienda de herramientas",1,4.0,,https://www.google.com/maps?cid=16242233314110948077,"Maquinaria industrial, San Antonio, Chile",1,"sin_web_propia, sin_horario"
ChIJq8mGoAh1YpYRKjGCz7YFILI,Bodegas GPF,Bodegas GPF,,1,Logística / Almacenaje,Alta,Empresa industrial/logística en zona objetivo con canal de contacto,55,,Sin teléfono,https://www.bodegasgpf.cl/,bodegasgpf.cl,Sí,Valparaíso,Valparaíso,3100000,"Av. Bernardo O'Higgins 194, 3100000 Valparaíso",Con número,-33.117625,-71.557223,Bodega,Bodega,1,5.0,,https://www.google.com/maps?cid=12835265220729516330,"Bodegas, Valparaíso - Chile",2,"sin_telefono, sin_horario"
ChIJCZ_DB1k5YpYR4ivJ-JNlpmc,EPSA San Antonio,EPSA San Antonio,,1,Otros / Servicios empresariales,Alta,Empresa industrial/logística en zona objetivo con canal de contacto,55,+56 35 258 6162,Fijo,,,No,San Antonio,Valparaíso,2660000,"Antonio Núñez de Fonseca 1552, 2660000 Valparaíso, San Antonio, Valparaíso",Con número,-33.574287,-71.627532,Oficinas de empresa,Oficinas de empresa,1,4.0,,https://www.google.com/maps?cid=7468768718249077730,"Empresa, San Antonio, Chile",1,"sin_web_propia, sin_horario"
ChIJ___PGyzhiZYRBzB6CVWZdsw,Ser-Log Servicios Logísticos,Ser-Log Servicios Logísticos,,1,Portuario / Contenedores,Alta,Empresa industrial/logística en zona objetivo con canal de contacto,55,+56 32 259 7693,Fijo,,,No,Valparaíso,Valparaíso,,"Prat 856, 908, Valparaíso",Con número,-33.040623,-71.626868,Terminal de contenedores,Terminal de contenedores,1,5.0,,https://www.google.com/maps?cid=14733131821499428871,"Servicios logísticos, Valparaiso - Chile; Servicios logísticos, Valparaiso, Chile",2,"sin_web_propia, sin_horario"
ChIJkbbFgBHciZYRG8BAcMs3Ais,Luis S. Poblete Transporte de Carga Por C,Luis S. Poblete Transporte de Carga Por C,,1,Transporte de carga,Alta,Empresa industrial/logística en zona objetivo con canal de contacto,55,+56 32 287 3962,Fijo,,,No,Viña del Mar,Valparaíso,2550507,"Las Rompientes 420, 2550507 Viña del Mar, Valparaíso",Con número,-32.998835,-71.492737,Servicio de envíos,Servicio de envíos,1,4.0,,https://www.google.com/maps?cid=3099100840485503003,"Transporte de carga, Viña del Mar, Chile",2,"sin_web_propia, sin_horario"
ChIJP6CLe8b0YpYR3dBHtXY1_8c,Agricola Montero Hermanos Limitada,Agricola Montero Hermanos Limitada,,1,Vitivinícola / Agrícola,Alta,Empresa industrial/logística en zona objetivo con canal de contacto,55,+56 2 2732 3796,Fijo,,,No,Curacaví,Metropolitana,,"Lolenco 6, Curacavi, Curacaví, Región Metropolitana",Con número,-33.405258,-71.126551,,,1,5.0,,https://www.google.com/maps?cid=14411296116572672221,"Agricola, Curacavi, Chile",1,"sin_web_propia, sin_horario, sin_categoria"
ChIJMQxXwjbDiZYRnoR07SdKJN4,ENAP Aconcagua,ENAP Aconcagua,,1,Química / Energía,Alta,Empresa industrial/logística en zona objetivo con canal de contacto,50,+56 32 265 0200,Fijo,,,No,Concón,Valparaíso,,"Cam. Internacional Antiguo 198, Concón, Valparaíso",Con número,-32.923877,-71.506162,Refinería de petróleo,Refinería de petróleo,36,3.5,,https://www.google.com/maps?cid=16007000510929601694,"Procesos Químicos, Concón - Chile",2,"sin_web_propia, sin_horario"
ChIJy-W8OP84YpYRnxy-ONlS0cY,Maquinaria y Transportes Entheos,Maquinaria y Transportes Entheos,,1,Transporte de carga,Alta,Empresa industrial/logística en zona objetivo con canal de contacto,50,+56 35 229 2043,Fijo,,,No,San Antonio,Valparaíso,,"Angamos 1830, San Antonio, Valparaíso",Con número,-33.596138,-71.614726,Proveedor de máquinas de metal,Proveedor de máquinas de metal,,,lunes:8 am–7 pm | martes:8 am–7 pm | miércoles:8 am–7 pm | jueves:8 am–7 pm | viernes:8 am–7 pm | sábado:8 am–7 pm | domingo:Cerrado,https://www.google.com/maps?cid=14326322982555622559,Maquinaria (archivo),2,"sin_web_propia, sin_resenas"
ChIJFV48d85QzQkRNpJ2aAYtPMQ,"Kazmaier, Fabricación y Montaje Industrial","Kazmaier, Fabricación y Montaje Industrial",,1,Maquinaria / Industrial,Alta,Empresa industrial/logística en zona objetivo con canal de contacto,50,+56 9 6106 9299,Móvil,https://www.instagram.com/_kazmaier_,instagram.com,No,San Antonio,Valparaíso,2663139,"Estribor 1043, 2663139 San Antonio, Valparaíso",Con número,-33.569725,-71.602148,Contratista general,Contratista general,,,lunes:8:30 am–6 pm | martes:8:30 am–6 pm | miércoles:8:30 am–6 pm | jueves:8:30 am–6 pm | viernes:8:30 am–6 pm | sábado:8:30 am–12 pm | domingo:Cerrado,https://www.google.com/maps?cid=14140226435582169654,15-Records-Frigorífic-202610052352.csv; Maquinaria (archivo),3,"sin_web_propia, sin_resenas"
ChIJg-BufpjFYpYRLLG_haeWOlI,Vilpin Chile S.p.A.,Vilpin Chile S.p.A.,,1,Vitivinícola / Agrícola,Alta,Empresa industrial/logística en zona objetivo con canal de contacto,50,+56 9 3331 5131,Móvil,https://g.page/r/CSyxv4WnljpSEBI/review,g.page,No,San Antonio,Valparaíso,2660531,"Alcalde Olegario Henríquez Escalante 430, 2660531 San Antonio, Valparaíso",Con número,-33.611844,-71.601151,Proveedor de sistemas de protección contra incendios,"Proveedor de sistemas de protección contra incendios, Fábrica de maquinaria agrícola, Asesor de protección contra incendios, Equipo para minería, Proveedor de bombas, Servicio de guardias de seguridad, Proveedor de bombas de agua",,,lunes:9 am–5 pm | martes:9 am–5 pm | miércoles:9 am–5 pm | jueves:9 am–5 pm | viernes:9 am–5 pm | sábado:9 am–5 pm | domingo:9 am–5 pm,https://www.google.com/maps?cid=5925213906006946092,Maquinaria (archivo),1,"sin_web_propia, sin_resenas"
ChIJ8deorxXhiZYRy7G_tgkJWXE,Transportes Cristian Alfredo Arriagada Briones.EIRL,Transportes Cristian Alfredo Arriagada Briones.EIRL,,1,Transporte de carga,Alta,Empresa industrial/logística en zona objetivo con canal de contacto,50,+56 9 8910 8104,Móvil,,,No,Valparaíso,Valparaíso,2372066,"Cerca de Av. Cardenal Samoré 601, 2372066, 3100000 Placilla, Valparaíso",Con número,-33.110518,-71.575885,Empresa de transporte por camión,Empresa de transporte por camión,,,lunes:Abierto las 24 horas | martes:Abierto las 24 horas | miércoles:Abierto las 24 horas | jueves:Abierto las 24 horas | viernes:Abierto las 24 horas | sábado:8 am–2 pm | domingo:Cerrado,https://www.google.com/maps?cid=8167569336538477003,Transporte (archivo),1,"sin_web_propia, sin_resenas"
ChIJBTw-J13diZYRFlC8yrVn3QI,Grua transporte HC spa,Grua transporte HC spa,,1,Transporte de carga,Alta,Empresa industrial/logística en zona objetivo con canal de contacto,50,+56 9 6360 0777,Móvil,,,No,Viña del Mar,Valparaíso,2340000,"Villanelo 180, Ofi 1405, 2340000 Viña del Mar, Valparaíso",Con número,-33.024015,-71.557206,Servicio de transporte,Servicio de transporte,,,lunes:Abierto las 24 horas | martes:Abierto las 24 horas | miércoles:Abierto las 24 horas | jueves:Abierto las 24 horas | viernes:Abierto las 24 horas | sábado:Abierto las 24 horas | domingo:Abierto las 24 horas,https://www.google.com/maps?cid=206435188416991254,Transporte (archivo),2,"sin_web_propia, sin_resenas"
ChIJ6fzmpsXdiZYRHBieyM-Dk78,LOGISTICACHILE,LOGISTICACHILE | MUDANZAS VIÑA DEL MAR,,1,Transporte de carga,Alta,Empresa industrial/logística en zona objetivo con canal de contacto,50,,Sin teléfono,http://www.logisticachile.com/,logisticachile.com,Sí,Viña del Mar,Valparaíso,2521124,"5 Ote. 223, 2521124 Viña del Mar, Valparaíso",Con número,-33.021094,-71.544787,Servicio de mudanzas,Servicio de mudanzas,,,lunes:Abierto las 24 horas | martes:Abierto las 24 horas | miércoles:Abierto las 24 horas | jueves:Abierto las 24 horas | viernes:Abierto las 24 horas | sábado:Abierto las 24 horas | domingo:Abierto las 24 horas,https://www.google.com/maps?cid=13804522211267975196,Transporte (archivo),2,"sin_telefono, sin_resenas, nombre_corregido"
ChIJN3-EdtvdiZYRGonjaW43UEo,transporte de personas y carga H&K,transporte de personas y carga H&K,,1,Transporte de carga,Alta,Empresa industrial/logística en zona objetivo con canal de contacto,50,+56 9 4616 7078,Móvil,,,No,Viña del Mar,Valparaíso,2340000,"AV MAR DE CHILE CASA 10 GLORIAS NAVALES Viña del Mar, 2340000 Valparaíso, Viña del Mar, Valparaíso",Con número,-32.990178,-71.510329,Servicio de transporte,Servicio de transporte,,,lunes:Abierto las 24 horas | martes:Abierto las 24 horas | miércoles:Abierto las 24 horas | jueves:Abierto las 24 horas | viernes:Abierto las 24 horas | sábado:Cerrado | domingo:Cerrado,https://www.google.com/maps?cid=5354840904305969434,Transporte (archivo),2,"sin_web_propia, sin_resenas"
ChIJzWve6fjzYpYR8GA0KJ84EMg,Agricola san Alberto,Agricola san Alberto,,1,Otros / Servicios empresariales,Alta,Empresa industrial/logística en zona objetivo con canal de contacto,50,+56 9 3523 8863,Móvil,,,No,Curacaví,Metropolitana,9630000,"Ruta 68 km 35, 9630000 Curacavi, Curacaví, Región Metropolitana",Con número,-33.412278,-71.059856,,,,,lunes:8 am–6 pm | martes:8 am–6 pm | miércoles:8 am–6 pm | jueves:8 am–6 pm | viernes:8 am–6 pm | sábado:8 am–12 pm | domingo:Cerrado,https://www.google.com/maps?cid=14416084663438434544,"15-Records-Viña_,-Cas-202610052354.csv",1,"sin_web_propia, sin_resenas, sin_categoria"
ChIJWVsyIZT1YpYRIUVCF2M6PbE,Fundo Tierra Vida,Fundo Tierra Vida,,1,Otros / Servicios empresariales,Alta,Empresa industrial/logística en zona objetivo con canal de contacto,50,+56 9 9162 9739,Móvil,,,No,Curacaví,Metropolitana,9630000,"Ruta 68 5, km 32, 9630000 Curacavi, Curacaví, Región Metropolitana",Con número,-33.401165,-71.115434,,,,,lunes:8:30 am–5:30 pm | martes:8:30 am–5:30 pm | miércoles:8:30 am–5:30 pm | jueves:8:30 am–5:30 pm | viernes:8:30 am–5:30 pm | sábado:Cerrado | domingo:Cerrado,https://www.google.com/maps?cid=12771428315558987041,"15-Records-Viña_,-Cas-202610052354.csv",1,"sin_web_propia, sin_resenas, sin_categoria"
ChIJcbil0OM5YpYRKUfD5_UUsQc,Transporte y Logistica SAI Limitada,Transporte y Logistica SAI Limitada,,1,Transporte de carga,Alta,Empresa industrial/logística en zona objetivo con canal de contacto,50,+56 9 8469 9795,Móvil,,,No,San Antonio,Valparaíso,2660000,"Blanco Encalada 840, Ofi 406, 2660000 Valparaíso, San Antonio, Valparaíso",Con número,-33.587755,-71.610653,Servicio de transporte,Servicio de transporte,,,lunes:Abierto las 24 horas | martes:Abierto las 24 horas | miércoles:Abierto las 24 horas | jueves:Abierto las 24 horas | viernes:Abierto las 24 horas | sábado:Abierto las 24 horas | domingo:Cerrado,https://www.google.com/maps?cid=554247275531159337,Servicios logísticos (archivo),1,"sin_web_propia, sin_resenas"
ChIJCX0-BSQ5YpYRW64JWH8_rho,SB Servicios logísticos portuarios y construcción,SB Servicios logísticos portuarios y construcción,,1,Portuario / Contenedores,Alta,Empresa industrial/logística en zona objetivo con canal de contacto,50,+56 9 4459 3419,Móvil,,,No,San Antonio,Valparaíso,2660000,"Pje. Guillermo Alvaréz 1238, 2660000 Valparaíso, San Antonio, Valparaíso",Con número,-33.595429,-71.596429,Empresa constructora,"Empresa constructora, Empresa portuaria",,,lunes:Abierto las 24 horas | martes:Abierto las 24 horas | miércoles:Abierto las 24 horas | jueves:Abierto las 24 horas | viernes:Abierto las 24 horas | sábado:Abierto las 24 horas | domingo:Abierto las 24 horas,https://www.google.com/maps?cid=1922543907104206427,Servicios logísticos (archivo),1,"sin_web_propia, sin_resenas"
ChIJ1XBc-XdHYpYRRwjpCw_Pw28,Medlog San Antonio,Medlog San Antonio,,1,Logística / Almacenaje,Alta,Empresa industrial/logística en zona objetivo con canal de contacto,45,+56 2 2763 9500,Fijo,,,No,Cartagena,Valparaíso,,"Cartagena, Valparaíso",Solo comuna,-33.561097,-71.540521,Almacén,Almacén,29,3.9,lunes:8:30 am–10 pm | martes:8:30 am–10 pm | miércoles:8:30 am–10 pm | jueves:8:30 am–10 pm | viernes:8:30 am–10 pm | sábado:8:30 am–6 pm | domingo:Cerrado,https://www.google.com/maps?cid=8053508222199859271,"Logística en San Antonio, Chile",1,"sin_web_propia, direccion_imprecisa"
ChIJ82soV6rfiZYRmwBD7gDfFQg,Evercrisp Viña del Mar,Evercrisp Viña del Mar,,1,Otros / Servicios empresariales,Alta,Empresa industrial/logística en zona objetivo con canal de contacto,45,,Sin teléfono,https://www.mercantil.com/empresa/evercrisp-sa/vina-del-mar/300025545/esp/,mercantil.com,Sí,Viña del Mar,Valparaíso,2562130,"C. Limache 3985, 2562130 Viña del Mar, Valparaíso",Con número,-33.047722,-71.509026,Oficinas de empresa,Oficinas de empresa,8,2.9,,https://www.google.com/maps?cid=582616921904709787,"Empresa, Viña del Mar, Chile",1,"sin_telefono, sin_horario"
ChIJRXEYdC7DiZYRIEobL7Czgeg,Proyectos Industriales Minprocad Limitada,Proyectos Industriales Minprocad Limitada,,1,Maquinaria / Industrial,Alta,Empresa industrial/logística en zona objetivo con canal de contacto,45,+56 32 248 1564,Fijo,,,No,Concón,Valparaíso,2510497,"Vergara 876, 2510497 Concón, Valparaíso",Con número,-32.925985,-71.515787,Asesor en ingeniería,Asesor en ingeniería,2,3.5,,https://www.google.com/maps?cid=16753869658080889376,"Procesos Químicos, Concón - Chile",2,"sin_web_propia, sin_horario"
ChIJDWw-7Cb1YpYRYj2PRI1W1l4,Ingenieria Maquinaria Y Construccion Ltda,Ingenieria Maquinaria Y Construccion Ltda,,1,Maquinaria / Industrial,Alta,Empresa industrial/logística en zona objetivo con canal de contacto,45,+56 2 2835 1405,Fijo,,,No,Curacaví,Metropolitana,,"Curacavi, Curacaví, Región Metropolitana",Sin número,-33.410048,-71.14897,,,1,4.0,,https://www.google.com/maps?cid=6833744649321921890,"Maquinaria industrial, San Antonio -Chile",1,"sin_web_propia, direccion_imprecisa, sin_horario, sin_categoria"
ChIJ1U5LBcZ1YpYRJoInepOi-_Q,Bodegas Ya!,Bodegas Ya!,,1,Logística / Almacenaje,Alta,Empresa industrial/logística en zona objetivo con canal de contacto,40,+56 9 7476 1767,Móvil,,,No,Valparaíso,Valparaíso,2340000,"Valparaíso CL, Valparaíso, Novena Avenida 2020, 2340000 Placilla, Valparaíso",Con número,-33.124865,-71.555034,Almacén,Almacén,,,,https://www.google.com/maps?cid=17652881918702092838,Bodegas (archivo),2,"sin_web_propia, sin_resenas, sin_horario"
ChIJz8JSwGA4YpYRoC8f3BCoA0o,Agility Logistics Chile S.A.,Agility Logistics Chile S.A.,,1,Logística / Almacenaje,Alta,Empresa industrial/logística en zona objetivo con canal de contacto,40,+56 35 220 3713,Fijo,,,No,San Antonio,Valparaíso,,"Ruta Nacional 78 # 2375, Of.7, Barrio Industrial, San Antonio, Valparaíso",Con número,-33.598657,-71.594469,Servicio de logística,Servicio de logística,,,,https://www.google.com/maps?cid=5333291174102773664,15-Records-Logística--202610052332.csv; Servicios logísticos (archivo),2,"sin_web_propia, sin_resenas, sin_horario"
ChIJ-xmCltfgiZYRsuGywxU-Seo,Transporte Logistica Y Comercio Ltda,Transporte Logistica Y Comercio Ltda,,1,Transporte de carga,Alta,Empresa industrial/logística en zona objetivo con canal de contacto,40,+56 32 218 2080,Fijo,,,No,Valparaíso,Valparaíso,2340000,"Blanco 1791, 2340000 Valparaíso",Con número,-33.044016,-71.61801,Servicio de envíos,Servicio de envíos,,,,https://www.google.com/maps?cid=16882092941373530546,Servicios logísticos (archivo),2,"sin_web_propia, sin_resenas, sin_horario"
ChIJLzRhs_A5YpYR2taYxUcjOHw,Transportes Núñez - Hijo,Transportes Núñez - Hijo,,1,Transporte de carga,Alta,Empresa industrial/logística en zona objetivo con canal de contacto,40,+56 9 4701 8121,Móvil,,,No,San Antonio,Valparaíso,2660000,"Parcela el bosque - fundó potrerillos, 2660000 San Antonio, Valparaíso",Sin número,-33.565545,-71.593625,Empresa de transporte por camión,Empresa de transporte por camión,,,lunes:Abierto las 24 horas | martes:Abierto las 24 horas | miércoles:Abierto las 24 horas | jueves:Abierto las 24 horas | viernes:Abierto las 24 horas | sábado:Abierto las 24 horas | domingo:Cerrado,https://www.google.com/maps?cid=8950943050563639002,Transporte (archivo),1,"sin_web_propia, direccion_imprecisa, sin_resenas"
ChIJIek60zndiZYRZ1WlXBBWMZ8,transportista cargo cl,transportista cargo cl,,1,Transporte de carga,Alta,Empresa industrial/logística en zona objetivo con canal de contacto,40,+56 9 2763 8200,Móvil,,,No,Viña del Mar,Valparaíso,2520000,"Viña de Mar, 2520000 Valparaíso, Viña del Mar, Valparaíso",Sin número,-33.017634,-71.554358,Servicio de transporte con acompañante,Servicio de transporte con acompañante,,,lunes:8 am–3:30 pm | martes:8 am–3:30 pm | miércoles:8 am–3:30 pm | jueves:8 am–3:30 pm | viernes:8 am–3:30 pm | sábado:9:30 am–12:30 pm | domingo:Cerrado,https://www.google.com/maps?cid=11471044354163168615,Transporte (archivo),2,"sin_web_propia, direccion_imprecisa, sin_resenas"
ChIJ620lfBHFYpYR84GPjn8GxmY,ACO Maquinarias,"ACO Maquinarias / Equipos de taller, Compresores",,1,Maquinaria / Industrial,Media,Fuera de la zona objetivo (Región de Valparaíso / Curacaví),100,+56 2 2472 4300,Fijo,http://www.aco.cl/,aco.cl,Sí,Santiago,Metropolitana,8360186,"Av. Manuel Antonio Matta 1300, 8360186 Santiago, Región Metropolitana",Con número,-33.460107,-70.651807,Taller de maquinaria,"Taller de maquinaria, Proveedor de herramientas neumáticas, Tienda de herramientas y troqueles, Fabricante de herramientas, Cuarto de herramientas",885,4.4,lunes:8:30 am–5:30 pm | martes:8:30 am–5:30 pm | miércoles:8:30 am–5:30 pm | jueves:8:30 am–5:30 pm | viernes:8:30 am–5:30 pm | sábado:Cerrado | domingo:Cerrado,https://www.google.com/maps?cid=7405613782179742195,"Maquinaria industrial, San Antonio -Chile",1,nombre_corregido
ChIJkbm7kGPcYpYRY4V7CTuu1Eg,Transportes Casablanca,Transportes Casablanca,,1,Transporte de carga,Media,Fuera de la zona objetivo (Región de Valparaíso / Curacaví),100,+56 2 2611 0170,Fijo,http://www.tcasablanca.cl/,tcasablanca.cl,Sí,San Bernardo,Metropolitana,,"Av. Las Acacias 1601, San Bernardo, Región Metropolitana",Con número,-33.549855,-70.732123,Empresa de transporte por camión,"Empresa de transporte por camión, Servicio de logística",301,4.0,lunes:9 am–6:30 pm | martes:9 am–6:30 pm | miércoles:9 am–6:30 pm | jueves:9 am–6:30 pm | viernes:9 am–3:30 pm | sábado:Cerrado | domingo:Cerrado,https://www.google.com/maps?cid=5248011034378863971,"Frigoríficos, Casablanca, Chile",1,
ChIJk07if-_EYpYRUhfH4dGjQck,Frigorífico Santiago,Frigorífico Santiago,,1,Frío / Alimentos,Media,Fuera de la zona objetivo (Región de Valparaíso / Curacaví),100,+56 2 2562 8400,Fijo,http://www.frigorificosantiago.cl/,frigorificosantiago.cl,Sí,Santiago,Metropolitana,9160336,"San Francisco de Borja 1045, 9160336 Santiago, Estación Central, Región Metropolitana",Con número,-33.463067,-70.6815,Instalación de almacenamiento en frío,"Instalación de almacenamiento en frío, Carnicería",205,4.1,lunes:8 am–8 pm | martes:8 am–8 pm | miércoles:8 am–8 pm | jueves:8 am–8 pm | viernes:8 am–8 pm | sábado:Cerrado | domingo:Cerrado,https://www.google.com/maps?cid=14502052396941121362,"Frigoríficos, Casablanca, Chile; Frigoríficos, V Región, Chile",2,
ChIJyyDRE98jY5YRJK1Y4FBTNHk,FrigoBuin - Frigorífico Buin Ltda.,FrigoBuin - Frigorífico Buin Ltda.,,1,Frío / Alimentos,Media,Fuera de la zona objetivo (Región de Valparaíso / Curacaví),100,+56 2 2520 9100,Fijo,https://www.frigobuin.cl/,frigobuin.cl,Sí,Buin,Metropolitana,,"Ruta Panamericana Sur Km. 38, Parcela 15, Buin, Región Metropolitana",Con número,-33.764285,-70.744573,Instalación de almacenamiento en frío,"Instalación de almacenamiento en frío, Servicio de logística",191,4.7,lunes:8:30 am–5 pm | martes:8 am–5 pm | miércoles:8 am–5 pm | jueves:8 am–5 pm | viernes:8 am–5 pm | sábado:8–10:30 am | domingo:Cerrado,https://www.google.com/maps?cid=8733697184204631332,"Frigoríficos, Casablanca, Chile",1,
ChIJ95w7Wz7BYpYR0rlfcowMGKo,Motormaq S.A.,Motormaq S.A.,,1,Maquinaria / Industrial,Media,Fuera de la zona objetivo (Región de Valparaíso / Curacaví),100,+56 9 7622 2147,Móvil,http://www.motormaq.cl/,motormaq.cl,Sí,Pudahuel,Metropolitana,,"Enea - Río Palena 9686, Pudahuel, Región Metropolitana",Con número,-33.421675,-70.781414,Fabricante de repuestos para maquinaria,Fabricante de repuestos para maquinaria,139,4.9,lunes:8 am–5:45 pm | martes:8 am–5:45 pm | miércoles:8 am–5:45 pm | jueves:8 am–5:45 pm | viernes:8 am–4 pm | sábado:Cerrado | domingo:Cerrado,https://www.google.com/maps?cid=12256560183242635730,"Maquinaria industrial, San Antonio -Chile",1,
ChIJ5x6wbDWVYpYRGOFGUbZbD2I,Frigorífico COOL&GO,Frigorífico COOL&GO,,1,Frío / Alimentos,Media,Fuera de la zona objetivo (Región de Valparaíso / Curacaví),100,+56 9 8807 6298,Móvil,https://coolandgo.cl/,coolandgo.cl,Sí,Lampa,Metropolitana,,"Parque Industrial Miraflores - Camino Lampa, Las Parcelas 18, S/N, Lampa, Región Metropolitana",Con número,-33.344212,-70.837419,Instalación de almacenamiento en frío,"Instalación de almacenamiento en frío, Tienda de alimentación",91,4.3,lunes:8 am–5 pm | martes:8 am–5 pm | miércoles:8 am–5 pm | jueves:8 am–5 pm | viernes:8 am–5 pm | sábado:8 am–12 pm | domingo:Cerrado,https://www.google.com/maps?cid=7065967178973372696,"Frigoríficos, V Región, Chile",1,
ChIJtw0xCXjpYpYRmbk7ZpMZ1YY,Friosan,Friosan,,1,Frío / Alimentos,Media,Fuera de la zona objetivo (Región de Valparaíso / Curacaví),100,+56 9 2849 3839,Móvil,http://www.friosan.cl/,friosan.cl,Sí,Pudahuel,Metropolitana,9020000,"EX- San Pablo Antiguo, Las Mercedes 14212 Pudahuel, 9020000 Pudahuel, Región Metropolitana",Con número,-33.442792,-70.817089,Instalación de almacenamiento en frío,Instalación de almacenamiento en frío,59,4.5,lunes:8 am–5:30 pm | martes:8 am–5:30 pm | miércoles:8 am–5:30 pm | jueves:8 am–5:30 pm | viernes:8 am–5:30 pm | sábado:Cerrado | domingo:Cerrado,https://www.google.com/maps?cid=9715699891987790233,"Frigoríficos, Casablanca, Chile",1,
ChIJVfuzF-vbYpYRjrf-2LoaX2w,Frigorifico Camer Ltda.,Frigorifico Camer Ltda.,,1,Frío / Alimentos,Media,Fuera de la zona objetivo (Región de Valparaíso / Curacaví),95,+56 2 2589 5600,Fijo,https://www.valledor.cl/,valledor.cl,Sí,San Bernardo,Metropolitana,8020629,"Av. Ochagavia 12301, 8020629 San Bernardo, Región Metropolitana",Con número,-33.563049,-70.697097,Matadero,Matadero,46,4.1,lunes:8 am–5 pm | martes:8 am–5 pm | miércoles:8 am–5 pm | jueves:8 am–5 pm | viernes:8 am–5 pm | sábado:Cerrado | domingo:Cerrado,https://www.google.com/maps?cid=7808989668690540430,"Frigoríficos, Casablanca, Chile; Frigoríficos, V Región, Chile",2,
ChIJ6ePwLsXBYpYRUquFi_OBYhE,Yanmaq Chile,Yanmaq Chile,,1,Maquinaria / Industrial,Media,Fuera de la zona objetivo (Región de Valparaíso / Curacaví),95,+56 9 6531 5200,Móvil,http://www.yanmaq.cl/,yanmaq.cl,Sí,Pudahuel,Metropolitana,9020000,"Américo Vespucio 1383 - Rio Palena 9686, Santiago, 9020000 Pudahuel, Región Metropolitana",Con número,-33.421824,-70.781422,Proveedor de maquinaria de construcción,Proveedor de maquinaria de construcción,13,4.7,lunes:8 am–5:45 pm | martes:8 am–5:45 pm | miércoles:8 am–5:45 pm | jueves:8 am–5:45 pm | viernes:8 am–4 pm | sábado:Cerrado | domingo:Cerrado,https://www.google.com/maps?cid=1252706529380248402,"Maquinaria industrial, San Antonio -Chile",1,
ChIJN-O2dBvbYpYRuGy26zdpNxQ,Frigorifico Sur Sa,Frigorifico Sur Sa,,1,Frío / Alimentos,Media,Fuera de la zona objetivo (Región de Valparaíso / Curacaví),90,+56 2 2527 9346,Fijo,http://www.frigorificosur.cl/,frigorificosur.cl,Sí,La Cisterna,Metropolitana,7970336,"Av. José Joaquín Prieto 8220, 7970336 La Cisterna, Región Metropolitana",Con número,-33.524806,-70.677346,Almacén,Almacén,86,4.5,,https://www.google.com/maps?cid=1456748693376363704,"Frigoríficos, Casablanca, Chile; Frigoríficos, V Región, Chile",2,sin_horario
ChIJX1txnDz1YpYR0t5CpgJcmnk,CALCA Curacaví,CALCA Curacaví,Calca,2,Vitivinícola / Agrícola,Media,Sucursal de Calca (insumos agrícolas); categoría Google dudosa,90,+56 2 2835 1131,Fijo,http://www.calca.cl/,calca.cl,Sí,Curacaví,Metropolitana,,"Ambrosio O'Higgins 2119, Curacavi, Curacaví, Región Metropolitana",Con número,-33.40177,-71.123764,Farmacia,Farmacia,6,4.0,lunes:9 am–2 pm | martes:9 am–2 pm | miércoles:9 am–2 pm | jueves:9 am–2 pm | viernes:9 am–2 pm | sábado:9 am–2:30 pm | domingo:Cerrado,https://www.google.com/maps?cid=8762417191451811538,"Agricola, Curacavi, Chile; Calca",2,
ChIJU_zszVzJYpYRVeIURRmNsiI,Frigoríficos Hook Chile (Oficina Principal),Frigoríficos Hook Chile (Oficina Principal),,1,Frío / Alimentos,Media,Fuera de la zona objetivo (Región de Valparaíso / Curacaví),90,+56 2 2605 7490,Fijo,http://www.hookchile.cl/,hookchile.cl,Sí,Las Condes,Metropolitana,7550100,"Av. El Bosque Nte. 211, 7550100 Santiago, Las Condes, Región Metropolitana",Con número,-33.414648,-70.601421,Instalación de almacenamiento en frío,Instalación de almacenamiento en frío,3,5.0,lunes:9 am–5 pm | martes:9 am–5 pm | miércoles:9 am–5 pm | jueves:9 am–5 pm | viernes:9 am–2 pm | sábado:Cerrado | domingo:Cerrado,https://www.google.com/maps?cid=2500215882816741973,"Frigoríficos, Casablanca, Chile",1,
ChIJ_ai6yQbbYpYRrZYkyDrdz6U,"MAQUINARIAS Y CONSTRUCCIONES VIDAL, SANTIAGO","MAQUINARIAS Y CONSTRUCCIONES VIDAL, SANTIAGO",,1,Maquinaria / Industrial,Media,Fuera de la zona objetivo (Región de Valparaíso / Curacaví),90,+56 9 6606 8918,Móvil,https://maquinariasvidal.cl/,maquinariasvidal.cl,Sí,Pedro Aguirre Cerda,Metropolitana,8490382,"Las Margaritas 2861, 8490382 Pedro Aguirre Cerda, Región Metropolitana",Con número,-33.505837,-70.681394,Taller de maquinaria,Taller de maquinaria,3,5.0,lunes:8 am–1 pm | martes:8 am–1 pm | miércoles:8 am–1 pm | jueves:8 am–1 pm | viernes:2 am–1 am | sábado:8–9:30 am | domingo:Cerrado,https://www.google.com/maps?cid=11948011580972897965,"Maquinaria industrial, San Antonio -Chile",1,
ChIJGSrxi9XhiZYRkAP30DTpfC8,Fletes y Transportes Castro,Fletes y Transportes Castro,,1,Transporte de carga,Media,Sin dirección: verificar ubicación,85,+56 9 3421 8869,Móvil,http://www.fletesytrasportescastro.cl/,fletesytrasportescastro.cl,Sí,,,,,Sin dirección,-32.957768,-71.132737,Empresa de transporte por camión,"Empresa de transporte por camión, Departamento local de transporte, Establecimiento de servicios, Servicio de mudanzas, Servicio de transporte",164,5.0,lunes:8:30 am–7 pm | martes:8:30 am–7:30 pm | miércoles:8:30 am–7:30 pm | jueves:8:30 am–7:30 pm | viernes:8:30 am–7:30 pm | sábado:9 am–6 pm | domingo:9 am–5 pm,https://www.google.com/maps?cid=3421866229948154768,"Transporte de carga, Valparaiso, Chile",1,direccion_imprecisa
ChIJG6SX7AxcdWsRzYryDrrOuGM,TransAlvarez spa,TransAlvarez spa,,1,Transporte de carga,Media,Sin dirección: verificar ubicación,60,+56 9 9593 6240,Móvil,https://transalvarez.com/,transalvarez.com,Sí,,,,,Sin dirección,-37.060832,-88.1804,Empresa de transporte por camión,"Empresa de transporte por camión, Establecimiento de servicios",,,lunes:8 am–5:30 pm | martes:8 am–5:30 pm | miércoles:8 am–5:30 pm | jueves:8 am–5:30 pm | viernes:8 am–5 pm | sábado:8 am–12 pm | domingo:Cerrado,https://www.google.com/maps?cid=7185720503979641549,Servicios logísticos (archivo),2,"direccion_imprecisa, sin_resenas"
ChIJJ6SAWGq_YpYRLhuhGpbGieU,Frigorífico Costa Del Pacífico,Frigorífico Costa Del Pacífico,,1,Frío / Alimentos,Media,Fuera de la zona objetivo (Región de Valparaíso / Curacaví),45,,Sin teléfono,,,No,Lampa,Metropolitana,,"Sta. Isabel 918-1192, Lampa, Región Metropolitana",Con número,-33.312461,-70.742453,Centro comercial,Centro comercial,30,4.4,lunes:9 am–6 pm | martes:9 am–6 pm | miércoles:9 am–6 pm | jueves:9 am–6 pm | viernes:9 am–6 pm | sábado:10:30 am–2:30 pm | domingo:Cerrado,https://www.google.com/maps?cid=16539969454489017134,"Frigoríficos, Casablanca, Chile",1,"sin_telefono, sin_web_propia"
ChIJCa-YYsE5YpYR521scr0-aZY,SAAM Logistics,SAAM Logistics,,1,Logística / Almacenaje,Media,Sin teléfono ni web propia: requiere investigación,45,,Sin teléfono,,,No,San Antonio,Valparaíso,,"Pablo Neruda 345, Barrancas, San Antonio, Valparaíso",Con número,-33.602825,-71.618628,Bodega,Bodega,19,4.6,lunes:8 am–4 pm | martes:8 am–4 pm | miércoles:8 am–4 pm | jueves:8 am–4 pm | viernes:8 am–4 pm | sábado:8 am–4 pm | domingo:Cerrado,https://www.google.com/maps?cid=10838262961633258983,"Bodegas y almacenaje, San Antonio; Logística en San Antonio, Chile; Servicios logísticos, San Antonio, Chile",3,"sin_telefono, sin_web_propia"
ChIJ1berjUw4YpYRsqmkvJKmnnE,Litoral Central S A,Litoral Central S A,,1,Transporte de carga,Media,Sin teléfono ni web propia: requiere investigación,35,,Sin teléfono,,,No,San Antonio,Valparaíso,2661045,"Fernández Concha 110, 2661045 San Antonio, Valparaíso",Con número,-33.613126,-71.617467,Empresa de transporte por camión,Empresa de transporte por camión,23,4.5,,https://www.google.com/maps?cid=8187164321766484402,"Transporte de carga, San Antonio, Chile",1,"sin_telefono, sin_web_propia, sin_horario"
ChIJ-QZqa5JZImgRHBJezbc3GZU,Camiones Boock,Camiones Boock,,1,Transporte de carga,Media,Sin dirección: verificar ubicación,35,+56 9 9338 1042,Móvil,,,No,,,,,Sin dirección,-33.311322,-71.044555,Empresa de transporte por camión,"Empresa de transporte por camión, Establecimiento de servicios",,,lunes:6 pm–3 am | martes:6 pm–3 am | miércoles:6 pm–3 am | jueves:6 pm–3 am | viernes:6–11:30 pm | sábado:Abierto las 24 horas | domingo:Abierto las 24 horas,https://www.google.com/maps?cid=10743679648633066012,Servicios logísticos (archivo),2,"sin_web_propia, direccion_imprecisa, sin_resenas"
ChIJeUl3Olw4YpYRPJjPBIaD8n4,Intermodal AGUNSA,Intermodal AGUNSA,,1,Logística / Almacenaje,Media,Sin teléfono ni web propia: requiere investigación,30,,Sin teléfono,,,No,San Antonio,Valparaíso,,"San Antonio, Valparaíso",Solo comuna,-33.601527,-71.599925,Bodega,Bodega,20,4.1,lunes:8 am–11 pm | martes:8 am–11 pm | miércoles:8 am–11 pm | jueves:8 am–11 pm | viernes:8 am–11 pm | sábado:8 am–11 pm | domingo:Cerrado,https://www.google.com/maps?cid=9147518404772468796,"Bodegas y almacenaje, San Antonio",1,"sin_telefono, sin_web_propia, direccion_imprecisa"
ChIJPbn4-s3miZYRwyIE3TMAW5g,Central de Abastecimiento,Central de Abastecimiento,,1,Logística / Almacenaje,Media,Sin teléfono ni web propia: requiere investigación,30,,Sin teléfono,,,No,Valparaíso,Valparaíso,,"Veintiuno de Mayo 99, Valparaíso",Con número,-33.031665,-71.629019,Servicio de logística,Servicio de logística,5,5.0,,https://www.google.com/maps?cid=10978368739397083843,"Servicios logísticos, Valparaiso - Chile; Servicios logísticos, Valparaiso, Chile",2,"sin_telefono, sin_web_propia, sin_horario"
ChIJeTr2nQVHYpYRH-TUWU-Q928,SOCIEDAD SERVIRED PORT SAN ANTONIO,SOCIEDAD SERVIRED PORT SAN ANTONIO,,1,Logística / Almacenaje,Media,Sin teléfono ni web propia: requiere investigación,30,,Sin teléfono,,,No,San Antonio,Valparaíso,,"Av. Las Factorías 7835, San Antonio, Valparaíso",Con número,-33.576752,-71.535766,Bodega,Bodega,3,4.7,,https://www.google.com/maps?cid=8068075927941473311,"Bodegas y almacenaje, San Antonio",1,"sin_telefono, sin_web_propia, sin_horario"
ChIJnYDEQQBHYpYRnZtvwhS_rsA,BODEGASAI,BODEGASAI,,1,Transporte de carga,Media,Sin teléfono ni web propia: requiere investigación,30,,Sin teléfono,,,No,San Antonio,Valparaíso,,"CG82+93, San Antonio, Valparaíso",Plus Code (aprox.),-33.584078,-71.499827,Servicio de transporte,Servicio de transporte,1,5.0,lunes:8:30 am–8 pm | martes:8:30 am–8 pm | miércoles:8:30 am–8 pm | jueves:8:30 am–8 pm | viernes:8:30 am–8 pm | sábado:8:30 am–2 pm | domingo:Cerrado,https://www.google.com/maps?cid=13884244797112163229,"Bodegas y almacenaje, San Antonio",1,"sin_telefono, sin_web_propia, direccion_imprecisa"
ChIJu3Nn4Po4YpYRvYTymQaZlmU,All Logistica Limitada,All Logistica Limitada,,1,Transporte de carga,Media,Sin teléfono ni web propia: requiere investigación,30,,Sin teléfono,,,No,San Antonio,Valparaíso,2661332,"Blanco Encalada 840, 2661332 San Antonio, Valparaíso",Con número,-33.587753,-71.61064,Empresa de transporte por camión,Empresa de transporte por camión,1,5.0,,https://www.google.com/maps?cid=7320206497968981181,"Logística en San Antonio, Chile; Servicios logísticos, San Antonio, Chile",2,"sin_telefono, sin_web_propia, sin_horario"
ChIJzdCMJgDhiZYRIXOLI_MyO_4,Transporte y Logística R&B SPA,Transporte y Logística R&B SPA,,1,Transporte de carga,Media,Sin teléfono ni web propia: requiere investigación,30,,Sin teléfono,,,No,Valparaíso,Valparaíso,,"Camino Público - F-728 665, San Roque, Valparaíso",Con número,-33.089242,-71.586679,Empresa de transporte por camión,Empresa de transporte por camión,1,5.0,,https://www.google.com/maps?cid=18319291929114407713,"Servicios logísticos, Valparaiso - Chile; Servicios logísticos, Valparaiso, Chile; Transporte de carga, Valparaiso, Chile",3,"sin_telefono, sin_web_propia, sin_horario"
ChIJC_2ww9zdiZYR09Loow9VByo,Transportes Y Logistica Guido Reyes Rios Eirl,Transportes Y Logistica Guido Reyes Rios Eirl,,1,Transporte de carga,Media,Sin teléfono ni web propia: requiere investigación,30,,Sin teléfono,,,No,Viña del Mar,Valparaíso,2531035,"10 - 1/2 Nte. 1075, 2531035 Viña del Mar, Valparaíso",Con número,-33.013254,-71.545071,Empresa de transporte por camión,Empresa de transporte por camión,1,5.0,,https://www.google.com/maps?cid=3028482800092762835,"Transporte de carga, Viña del Mar, Chile",2,"sin_telefono, sin_web_propia, sin_horario"
ChIJOaCbC_Y4YpYRS2wwL3M2fU8,E & C Servicios Logisticos Limitada,E & C Servicios Logisticos Limitada,,1,Logística / Almacenaje,Media,Sin teléfono ni web propia: requiere investigación,30,,Sin teléfono,,,No,San Antonio,Valparaíso,,"Samuel García Huidobro 891, San Antonio, Valparaíso",Con número,-33.594526,-71.602379,,,1,5.0,,https://www.google.com/maps?cid=5727794169425980491,"Servicios logísticos, San Antonio, Chile",1,"sin_telefono, sin_web_propia, sin_horario, sin_categoria"
ChIJQ96yMYg4YpYRYjQWU09G1mw,Sitrans San Antonio ALTO,Sitrans San Antonio ALTO,,1,Transporte de carga,Media,Sin teléfono ni web propia: requiere investigación,25,,Sin teléfono,,,No,San Antonio,Valparaíso,,"San Antonio, Valparaíso",Solo comuna,-33.592437,-71.586626,Oficinas de empresa,Oficinas de empresa,207,3.6,lunes:8:30 am–10 pm | martes:8:30 am–10 pm | miércoles:8:30 am–10 pm | jueves:8:30 am–10 pm | viernes:8:30 am–10 pm | sábado:8:30 am–5 pm | domingo:Cerrado,https://www.google.com/maps?cid=7842533107622622306,"Empresa, San Antonio, Chile; Servicios logísticos, San Antonio, Chile; Transporte de carga, San Antonio, Chile",3,"sin_telefono, sin_web_propia, direccion_imprecisa"
ChIJC9b7ZFs5YpYRRq5pGWqykjE,PUERTO CENTRAL,PUERTO CENTRAL,,1,Otros / Servicios empresariales,Media,Sin teléfono ni web propia: requiere investigación,25,,Sin teléfono,,,No,San Antonio,Valparaíso,,"San Antonio, Valparaíso",Solo comuna,-33.601053,-71.61929,Oficinas de empresa,Oficinas de empresa,151,3.8,lunes:Abierto las 24 horas | martes:Abierto las 24 horas | miércoles:Abierto las 24 horas | jueves:Abierto las 24 horas | viernes:Abierto las 24 horas | sábado:Abierto las 24 horas | domingo:Abierto las 24 horas,https://www.google.com/maps?cid=3572113623220858438,"Empresa, San Antonio, Chile",1,"sin_telefono, sin_web_propia, direccion_imprecisa"
ChIJhROgCwY5YpYRSVQMi0jZa0k,Ricer Logistics,Ricer Logistics,,1,Logística / Almacenaje,Media,Sin teléfono ni web propia: requiere investigación,25,,Sin teléfono,https://ricerlogistics.ueniweb.com/?utm_campaign=gmb,ricerlogistics.ueniweb.com,No,San Antonio,Valparaíso,2660000,"A Armando Pino S 1125, 2660000 Valparaíso, San Antonio, Valparaíso",Con número,-33.595844,-71.597434,Servicio de logística,Servicio de logística,,,lunes:9 am–8 pm | martes:9 am–8 pm | miércoles:9 am–8 pm | jueves:9 am–8 pm | viernes:9 am–8 pm | sábado:9 am–8 pm | domingo:9 am–8 pm,https://www.google.com/maps?cid=5290561092870493257,15-Records-Logística--202610052332.csv,1,"sin_telefono, sin_web_propia, sin_resenas"
ChIJr_GtTgDhiZYRPEz1EflX-B8,Transportes y Logística HR/TB,Transportes y Logística HR/TB,,1,Transporte de carga,Media,Sin teléfono ni web propia: requiere investigación,25,,Sin teléfono,,,No,Valparaíso,Valparaíso,,"Ruta F 718, Lago Peñuelas, Valparaíso",Con número,-33.089364,-71.58667,Empresa de transporte por camión,Empresa de transporte por camión,,,lunes:Abierto las 24 horas | martes:Abierto las 24 horas | miércoles:Abierto las 24 horas | jueves:Abierto las 24 horas | viernes:Abierto las 24 horas | sábado:Abierto las 24 horas | domingo:Abierto las 24 horas,https://www.google.com/maps?cid=2303687936659770428,Servicios logísticos (archivo); Transporte (archivo),3,"sin_telefono, sin_web_propia, sin_resenas"
ChIJ06bBqrLfiZYRNNxP0Fy2cZk,Transporte mil horizonte spa,Transporte mil horizonte spa,,1,Transporte de carga,Media,Sin teléfono ni web propia: requiere investigación,25,,Sin teléfono,,,No,Viña del Mar,Valparaíso,2520000,"Calle arica paradero 2, Nva Aurora, 2520000 Valparaíso, Viña del Mar, Valparaíso",Con número,-33.041005,-71.568583,Empresa de transporte por camión,Empresa de transporte por camión,,,lunes:Abierto las 24 horas | martes:Abierto las 24 horas | miércoles:Abierto las 24 horas | jueves:Abierto las 24 horas | viernes:Abierto las 24 horas | sábado:Abierto las 24 horas | domingo:Cerrado,https://www.google.com/maps?cid=11056819069919419444,Transporte (archivo),2,"sin_telefono, sin_web_propia, sin_resenas"
ChIJ7-l8bfdvYpYRglx5C77tHc8,Viña Casablanca,Viña Casablanca,,1,Vitivinícola / Agrícola,Media,Sin teléfono ni web propia: requiere investigación,20,,Sin teléfono,,,No,Casablanca,Valparaíso,,"Casablanca, Valparaíso",Solo comuna,-33.294483,-71.417436,Viñedo,Viñedo,24,4.7,,https://www.google.com/maps?cid=14924346140667763842,"Viña*, Casablanca, Chile",1,"sin_telefono, sin_web_propia, direccion_imprecisa, sin_horario"
ChIJR12_ddzzYpYR-FSol12qnZM,Agricola Santa Sara S.A,Agricola Santa Sara S.A,,1,Vitivinícola / Agrícola,Media,Sin teléfono ni web propia: requiere investigación,20,,Sin teléfono,,,No,Curacaví,Metropolitana,,"Curacavi, Curacaví, Región Metropolitana",Sin número,-33.448206,-71.027374,Tienda de productos agrícolas,Tienda de productos agrícolas,5,5.0,,https://www.google.com/maps?cid=10636845213872051448,"Agricola, Curacavi, Chile",1,"sin_telefono, sin_web_propia, direccion_imprecisa, sin_horario"
ChIJO0ZU5vc3YpYRR-b1Rfl9QyA,Gamamaquinarias,Gamamaquinarias,,1,Transporte de carga,Media,Sin teléfono ni web propia: requiere investigación,20,,Sin teléfono,,,No,San Antonio,Valparaíso,2660000,"San Juan 2767, 2660000 San Juan de Llolleo, San Antonio, Valparaíso",Con número,-33.636729,-71.585539,Proveedor de máquinas de metal,"Proveedor de máquinas de metal, Servicio de transporte",3,3.3,,https://www.google.com/maps?cid=2324840342227379783,"Maquinaria industrial, San Antonio -Chile; Maquinaria industrial, San Antonio, Chile",2,"sin_telefono, sin_web_propia, sin_horario"
ChIJA1WrdgDhiZYRFTIbJgz5-4g,BULLTRACKS SPA,BULLTRACKS SPA,,1,Transporte de carga,Media,Sin teléfono ni web propia: requiere investigación,20,,Sin teléfono,,,No,Valparaíso,Valparaíso,,"WC68+QJ, La Polvora, Valparaíso",Plus Code (aprox.),-33.08802,-71.584099,Empresa de transporte por camión,Empresa de transporte por camión,2,5.0,,https://www.google.com/maps?cid=9870756838886814229,"Transporte de carga, Valparaiso, Chile",1,"sin_telefono, sin_web_propia, direccion_imprecisa, sin_horario"
ChIJtZiRIdr0YpYR3q4FuWDgezQ,Agricola Inversiones Y Turismo Cerro Viejo Limitada,Agricola Inversiones Y Turismo Cerro Viejo Limitada,,1,Vitivinícola / Agrícola,Media,Sin teléfono ni web propia: requiere investigación,20,,Sin teléfono,,,No,Curacaví,Metropolitana,,"Ambrosio O'Higgins 1140, Curacavi, Curacaví, Región Metropolitana",Con número,-33.406262,-71.138595,Servicio agrícola,Servicio agrícola,2,3.5,,https://www.google.com/maps?cid=3781863018133303006,"Agricola, Curacavi, Chile",1,"sin_telefono, sin_web_propia, sin_horario"
ChIJGS5QJ7DXiZYReZ8qW44wowU,Molker Quimica De Procesos Sa,Molker Quimica De Procesos Sa,,1,Maquinaria / Industrial,Media,Sin teléfono ni web propia: requiere investigación,15,,Sin teléfono,,,No,Villa Alemana,Valparaíso,2470497,"Los Andes 825, 2470497 Villa Alemana, Valparaíso",Con número,-33.04687,-71.344917,,,,,,https://www.google.com/maps?cid=406221779366485881,Maquinaria (archivo),1,"sin_telefono, sin_web_propia, sin_resenas, sin_horario, sin_categoria"
ChIJMRZbDAA5YpYRGImUEgehuWk,Transportes Angelica María Moya Silva EIRL,Transportes Angelica María Moya Silva EIRL,,1,Transporte de carga,Media,Sin teléfono ni web propia: requiere investigación,15,,Sin teléfono,,,No,San Antonio,Valparaíso,,"Cam. Antiguo A Santiago 2861, parcela 34, San Antonio, Valparaíso",Con número,-33.562503,-71.597214,Servicio de transporte,Servicio de transporte,,,,https://www.google.com/maps?cid=7618297296422471960,Transporte (archivo),1,"sin_telefono, sin_web_propia, sin_resenas, sin_horario"
ChIJ3ySPjLE5YpYRWROLoPJi8Ds,SOPESA San Antonio,SOPESA San Antonio,,1,Otros / Servicios empresariales,Media,Sin teléfono ni web propia: requiere investigación,10,,Sin teléfono,,,No,San Antonio,Valparaíso,,"Unnamed Road, San Antonio, Valparaíso",Camino sin nombre,-33.597282,-71.618309,Empresa de aguas minerales,Empresa de aguas minerales,4,3.8,,https://www.google.com/maps?cid=4319060836863382361,"Empresa, San Antonio, Chile",1,"sin_telefono, sin_web_propia, direccion_imprecisa, sin_horario"
ChIJtadcaQA5YpYRn-PFooO1Mys,BODEGA 103 SAAM,BODEGA 103 SAAM,,1,Logística / Almacenaje,Media,Sin teléfono ni web propia: requiere investigación,5,,Sin teléfono,,,No,San Antonio,Valparaíso,,"Pablo Neruda, San Antonio, Valparaíso",Sin número,-33.602907,-71.618662,Almacén,Almacén,,,,https://www.google.com/maps?cid=3113031344419365791,Bodegas (archivo),1,"sin_telefono, sin_web_propia, direccion_imprecisa, sin_resenas, sin_horario"
ChIJL-bsQgBHYpYRQbaghANeWe4,Bodega Full- Logistic - San Antonio,Bodega Full- Logistic - San Antonio,,1,Logística / Almacenaje,Media,Sin teléfono ni web propia: requiere investigación,5,,Sin teléfono,,,No,San Antonio,Valparaíso,,"CCHM+XV, San Antonio, Valparaíso",Plus Code (aprox.),-33.570045,-71.5653,Servicio de logística,Servicio de logística,,,,https://www.google.com/maps?cid=17174862023157134913,15-Records-Logística--202610052332.csv; Servicios logísticos (archivo),2,"sin_telefono, sin_web_propia, direccion_imprecisa, sin_resenas, sin_horario"
ChIJ7Y1REAA5YpYRtoB6QWWMsvc,Transportes Tapia,Transportes Tapia,,1,Transporte de carga,Media,Sin teléfono ni web propia: requiere investigación,5,,Sin teléfono,,,No,San Antonio,Valparaíso,,"9CW4+C9, San Antonio, Valparaíso",Plus Code (aprox.),-33.603996,-71.594034,Empresa de transporte por camión,Empresa de transporte por camión,,,,https://www.google.com/maps?cid=17848482639740829878,Transporte (archivo),1,"sin_telefono, sin_web_propia, direccion_imprecisa, sin_resenas, sin_horario"
ChIJTwxhiMj0YpYRtqr4f1C02zI,COOPERATIVA AGRICOLA,COOPERATIVA AGRICOLA,,1,Otros / Servicios empresariales,Media,Sin teléfono ni web propia: requiere investigación,5,,Sin teléfono,,,No,Curacaví,Metropolitana,,"Curacavi, Curacaví, Región Metropolitana",Sin número,-33.401753,-71.124217,,,,,,https://www.google.com/maps?cid=3664720979633416886,"15-Records-Viña_,-Cas-202610052354.csv",1,"sin_telefono, sin_web_propia, direccion_imprecisa, sin_resenas, sin_horario, sin_categoria"
ChIJfwGsD8j0YpYRScQEUHMEnao,Vivero Las Higueras,Vivero Las Higueras,,1,Vitivinícola / Agrícola,Baja,Negocio minorista / no industrial (Centro de jardinería),100,+56 9 4592 5759,Móvil,http://viverolashigueras.cl/,viverolashigueras.cl,Sí,Curacaví,Metropolitana,9630000,"Ambrosio O'Higgins 2159, 9630000 Curacavi, Curacaví, Región Metropolitana",Con número,-33.401723,-71.1219,Centro de jardinería,"Centro de jardinería, Jardín, Vivero",234,4.6,lunes:9 am–6 pm | martes:9 am–6 pm | miércoles:9 am–6 pm | jueves:9 am–6 pm | viernes:9 am–6 pm | sábado:9 am–6 pm | domingo:10 am–6 pm,https://www.google.com/maps?cid=12293987451101561929,"Agricola, Curacavi, Chile",1,
ChIJ5Ve3UBPhiZYRZlMVaxrN7RA,Equipos Gastronomicos Rorland,Equipos Gastronomicos Rorland,,1,Maquinaria / Industrial,Baja,Comercio minorista de equipos gastronómicos,100,+56 32 225 3651,Fijo,http://maquinariasrorland.cl/,maquinariasrorland.cl,Sí,Valparaíso,Valparaíso,2363026,"Independencia 2377, 2363026 Valparaíso",Con número,-33.048951,-71.611441,Comercio,Comercio,90,4.3,lunes:9 am–6 pm | martes:9 am–6 pm | miércoles:9 am–6 pm | jueves:9 am–6 pm | viernes:9 am–6 pm | sábado:10 am–2 pm | domingo:Cerrado,https://www.google.com/maps?cid=1219856587436675942,"Maquinaria industrial, Viña del Mar-Chile",1,
ChIJQRkCEK_ZiZYRk6Y_apEPQ-0,Corralosorno Quilpué,Corralosorno Quilpué,Frigorificio de Osorno .S.A Sala de ventas Quilpué,2,Frío / Alimentos,Baja,Negocio minorista / no industrial (Carnicería),95,+56 9 3414 8336,Móvil,https://www.corralosorno.cl/,corralosorno.cl,Sí,Quilpué,Valparaíso,2420468,"Av. Industrial 1750, 2420468 Quilpué, Valparaíso",Con número,-33.03857,-71.422028,Carnicería,Carnicería,41,4.8,lunes:10 am–5:20 pm | martes:9:30 am–5:20 pm | miércoles:9:30 am–5:20 pm | jueves:9:30 am–5:20 pm | viernes:9:30 am–5:20 pm | sábado:9:30 am–1:45 pm | domingo:Cerrado,https://www.google.com/maps?cid=17096525727655765651,"Frigoríficos, V Región, Chile",1,
ChIJl3ODEeY4YpYRQhTe5P_j9zk,Escuela Industrial San Antonio,Escuela Industrial San Antonio,,1,Maquinaria / Industrial,Baja,Negocio minorista / no industrial (Escuela secundaria de formación profesional),95,+56 35 229 1641,Fijo,https://www.eisasanantonio.cl/,eisasanantonio.cl,Sí,San Antonio,Valparaíso,2661311,"Centenario 278, 2661311 San Antonio, Valparaíso",Con número,-33.579821,-71.609509,Escuela secundaria de formación profesional,Escuela secundaria de formación profesional,28,4.1,lunes:7 am–5:30 pm | martes:7 am–5:30 pm | miércoles:7 am–5:30 pm | jueves:7 am–5:30 pm | viernes:7:30 am–5 pm | sábado:Abierto las 24 horas | domingo:Abierto las 24 horas,https://www.google.com/maps?cid=4177057867605349442,"Maquinaria industrial, San Antonio -Chile; Maquinaria industrial, San Antonio, Chile",2,
ChIJy_QpgOHdiZYRFEYggAnnQlk,Centro de Negocios Viña,Centro de Negocios Viña,,1,Otros / Servicios empresariales,Baja,Negocio minorista / no industrial (Alquiler de oficinas virtuales),95,+56 32 320 5459,Fijo,https://centrodenegociosvina.cl/web/,centrodenegociosvina.cl,Sí,Viña del Mar,Valparaíso,2520307,"1 Nte. 461, Ofi N°703, 2520307 Viña del Mar, Valparaíso",Con número,-33.021898,-71.554425,Alquiler de oficinas virtuales,Alquiler de oficinas virtuales,22,4.8,lunes:9 am–2 pm | martes:9 am–2 pm | miércoles:9 am–2 pm | jueves:9 am–2 pm | viernes:9 am–2 pm | sábado:Cerrado | domingo:Cerrado,https://www.google.com/maps?cid=6431957245828810260,"Empresa, Viña del Mar, Chile",1,
ChIJH74pB9HdiZYRTE7ucF90ZDI,Centro de Negocios Sercotec Viña del Mar,Centro de Negocios Sercotec Viña del Mar,,1,Otros / Servicios empresariales,Baja,Negocio minorista / no industrial (Consultora de administración empresarial),95,+56 9 8536 1466,Móvil,https://www.sercotec.cl/centros-de-negocios/centro-de-negocios-sercotec-vina-del-mar/,sercotec.cl,Sí,Viña del Mar,Valparaíso,2531034,"10 Nte 1059, 2531034 Viña del Mar, Valparaíso",Con número,-33.013779,-71.545121,Consultora de administración empresarial,Consultora de administración empresarial,10,4.4,lunes:9 am–6 pm | martes:9 am–6 pm | miércoles:9 am–6 pm | jueves:9 am–6 pm | viernes:9 am–6 pm | sábado:Cerrado | domingo:Cerrado,https://www.google.com/maps?cid=3631155152832843340,"Empresa, Viña del Mar, Chile",1,
ChIJ90J-Dq_ZiZYRJYCWlHX8aqI,Frigorificio de Osorno .S.A Sala de ventas Quilpué,Frigorificio de Osorno .S.A Sala de ventas Quilpué,Frigorificio de Osorno .S.A Sala de ventas Quilpué,2,Frío / Alimentos,Baja,Negocio minorista / no industrial (Carnicería),85,+56 9 3414 8336,Móvil,http://www.frigosorno.com/,frigosorno.com,Sí,,,,,Sin dirección,-37.060832,-88.1804,Carnicería,"Carnicería, Establecimiento de servicios, Supermercado",114,4.5,lunes:9:30 am–6 pm | martes:9:30 am–6 pm | miércoles:9:30 am–6 pm | jueves:9:30 am–6 pm | viernes:9:30 am–6 pm | sábado:9:30 am–2 pm | domingo:Cerrado,https://www.google.com/maps?cid=11703444163609919525,"Frigoríficos, V Región, Chile",1,direccion_imprecisa
ChIJcazObm5vYpYRxxo6SfD7Fg0,Casablanca chile Vinamar,Casablanca chile Vinamar,,1,Otros / Servicios empresariales,Baja,Negocio minorista / no industrial (Restaurante),80,+56 32 275 4300,Fijo,http://www.vinamar.cl/,vinamar.cl,Sí,Casablanca,Valparaíso,,"Santiago - Valparaíso, Casablanca, Valparaíso",Sin número,-33.35876,-71.353243,Restaurante,Restaurante,52,4.3,,https://www.google.com/maps?cid=943218181419965127,"Viña*, Casablanca, Chile",1,"direccion_imprecisa, sin_horario"
ChIJ10Re7FjFYpYRleRBwLYhwxc,La Industrial Outlet,La Industrial Outlet,,1,Maquinaria / Industrial,Baja,Ferretería minorista,80,+56 9 8900 4831,Móvil,https://www.laindustrialoutlet.cl/,laindustrialoutlet.cl,Sí,Viña del Mar,Valparaíso,2530970,"San Antonio 1280, Loc 18, 2530970 Viña del Mar, Valparaíso",Con número,-33.010433,-71.542466,Ferretería,Ferretería,3,3.7,lunes:11 am–5 pm | martes:11 am–5 pm | miércoles:11 am–5 pm | jueves:11 am–5 pm | viernes:11 am–4 pm | sábado:11 am–2 pm | domingo:Cerrado,https://www.google.com/maps?cid=1712249352124228757,"Maquinaria industrial, Viña del Mar-Chile",1,
ChIJYwCC1cTgiZYR7gEd-zgJve4,Bodega El Granero,Bodega El Granero,Bodega El Granero,2,Frío / Alimentos,Baja,Negocio minorista / no industrial (Tienda de alimentos para animales),75,+56 32 222 9968,Fijo,,,No,Valparaíso,Valparaíso,2340000,"Chacabuco 2726, Chacabuco 2780, 2340000 Valparaíso",Con número,-33.046423,-71.607933,Tienda de alimentos para animales,Tienda de alimentos para animales,221,4.6,lunes:8:30 am–6 pm | martes:8:30 am–6 pm | miércoles:8:30 am–6 pm | jueves:8:30 am–6 pm | viernes:8:30 am–6 pm | sábado:8:30 am–4 pm | domingo:Cerrado,https://www.google.com/maps?cid=17202916291960963566,"Bodegas, Valparaíso - Chile",2,sin_web_propia
ChIJPTQXJizhiZYReFcKz1a_fww,BODEGA URRIOLA,BODEGA URRIOLA,,1,Vitivinícola / Agrícola,Baja,Negocio minorista / no industrial (Tienda de bebidas alcohólicas),75,+56 9 3698 0027,Móvil,https://www.instagram.com/bodegaurriola/,instagram.com,No,Valparaíso,Valparaíso,2370654,"Urriola 393, 2370654 Valparaíso",Con número,-33.040983,-71.627974,Tienda de bebidas alcohólicas,"Tienda de bebidas alcohólicas, Delicatessen, Tienda de vinos",127,4.7,lunes:2–10 pm | martes:2–10 pm | miércoles:2–10 pm | jueves:2 pm–12 am | viernes:2 pm–1 am | sábado:2 pm–1 am | domingo:2–11 pm,https://www.google.com/maps?cid=900648830059042680,"Bodegas, Valparaíso - Chile",3,sin_web_propia
ChIJzyU_1sTgiZYR1ZLC3ZxUkmI,Bodega Chacabuco,Bodega Chacabuco,,1,Logística / Almacenaje,Baja,Negocio minorista / no industrial (Tienda de alimentación),70,+56 32 211 6704,Fijo,,,No,Valparaíso,Valparaíso,2340103,"Chacabuco 2748, 2340103 Valparaíso",Con número,-33.04638,-71.607518,Tienda de alimentación,Tienda de alimentación,41,4.4,lunes:9 am–8:30 pm | martes:9 am–8:30 pm | miércoles:9 am–8:30 pm | jueves:9 am–8:30 pm | viernes:9 am–8:30 pm | sábado:9 am–8:30 pm | domingo:9 am–2 pm,https://www.google.com/maps?cid=7102832595028841173,"Bodegas, Valparaíso - Chile",3,sin_web_propia
ChIJY3n15AFvYpYRjwJdoDgiA8s,Carniceria Nacional,Carniceria Nacional,,1,Frío / Alimentos,Baja,Negocio minorista / no industrial (Carnicería),70,+56 9 4526 4464,Móvil,,,No,Casablanca,Valparaíso,,"Sta. Luisa 980, Casablanca, Valparaíso",Con número,-33.309935,-71.41824,Carnicería,Carnicería,33,4.7,lunes:Cerrado | martes:10 am–2:30 pm | miércoles:10 am–2:30 pm | jueves:10 am–2:30 pm | viernes:10 am–2:30 pm | sábado:10 am–2:30 pm | domingo:10 am–2:30 pm,https://www.google.com/maps?cid=14628573641233465999,"Frigoríficos, Casablanca, Chile",1,sin_web_propia
ChIJR0kqTxvzYpYRCjHiDOhwBbY,Agricom,Agricom,,1,Vitivinícola / Agrícola,Baja,Negocio minorista / no industrial (Frutería),65,+56 9 9133 3721,Móvil,,,No,Curacaví,Metropolitana,,"Curacavi, Curacaví, Región Metropolitana",Sin número,-33.412641,-71.05681,Frutería,Frutería,182,4.1,lunes:8 am–6:30 pm | martes:8 am–6:30 pm | miércoles:8 am–6:30 pm | jueves:8 am–6:30 pm | viernes:8 am–6:30 pm | sábado:Cerrado | domingo:Cerrado,https://www.google.com/maps?cid=13116013631737311498,"Agricola, Curacavi, Chile",1,"sin_web_propia, direccion_imprecisa"
ChIJPeaIqmtvYpYR0wUeyC-ML2E,Carnicería Carnes Casablanca,Carnicería Carnes Casablanca,,1,Frío / Alimentos,Baja,Negocio minorista / no industrial (Carnicería),65,+56 9 9689 5670,Móvil,,,No,Casablanca,Valparaíso,2480427,"Av. Portales 771, 2480427 Casablanca, Valparaíso",Con número,-33.324067,-71.403019,Carnicería,Carnicería,8,4.3,lunes:9:30 am–9 pm | martes:9:30 am–9 pm | miércoles:9:30 am–9 pm | jueves:9:30 am–9 pm | viernes:9:30 am–9 pm | sábado:9:30 am–9 pm | domingo:9:30 am–3 pm,https://www.google.com/maps?cid=7002970082433172947,"Frigoríficos, Casablanca, Chile",1,sin_web_propia
ChIJ-7RV2MTgiZYR9pQ0VFEwv_g,Bodega el Campo,Bodega el Campo,Bodega El Granero,2,Logística / Almacenaje,Baja,Comercio minorista,65,+56 32 222 9968,Fijo,,,No,Valparaíso,Valparaíso,2340103,"Chacabuco 2780, 2340103 Valparaíso",Con número,-33.046393,-71.607085,Bodega,Bodega,7,4.4,lunes:8:30 am–6 pm | martes:8:30 am–6 pm | miércoles:8:30 am–6 pm | jueves:8:30 am–6 pm | viernes:8:30 am–6 pm | sábado:8:30 am–2:30 pm | domingo:Cerrado,https://www.google.com/maps?cid=17924098167821079798,"Bodegas, Valparaíso - Chile",3,sin_web_propia
ChIJ9f4ptIERYpYRX_E98F6Md4o,Foco Alimentos Spa,Foco Alimentos Spa,,1,Frío / Alimentos,Baja,Negocio minorista / no industrial (Carnicería),65,+56 9 9904 0482,Móvil,,,No,Algarrobo,Valparaíso,2710000,"El Boldo 366, Loc 2 y 3, 2710000 Algarrobo, Valparaíso",Con número,-33.370849,-71.668148,Carnicería,Carnicería,4,4.0,lunes:10 am–7:30 pm | martes:10 am–7:30 pm | miércoles:10 am–7:30 pm | jueves:10 am–7:30 pm | viernes:10 am–7:30 pm | sábado:10 am–7:30 pm | domingo:10 am–3 pm,https://www.google.com/maps?cid=9977597838848029023,"Frigoríficos, V Región, Chile",1,sin_web_propia
ChIJrc3o_uXdiZYRcLvsJUGlV1k,Terminal de Buses De Viña Del Mar,Terminal de Buses De Viña Del Mar,,1,Transporte de carga,Baja,Negocio minorista / no industrial (Empresa de autobuses),55,,Sin teléfono,https://www.rodoviario.cl/,rodoviario.cl,Sí,Viña del Mar,Valparaíso,2520479,"Av. Valparaíso 1055, 2520479 Viña del Mar, Valparaíso",Con número,-33.025588,-71.547517,Empresa de autobuses,Empresa de autobuses,19037,3.9,,https://www.google.com/maps?cid=6437795891577142128,"Empresa, Viña del Mar, Chile",1,"sin_telefono, sin_horario"
ChIJD3nbLdLmiZYRlOh3_Zl_ahc,Centro De Abastecimiento De La Armada,Centro De Abastecimiento De La Armada,,1,Logística / Almacenaje,Baja,"Institución militar, no prospecto comercial",45,,Sin teléfono,,,No,Valparaíso,Valparaíso,,"Antonio Varas 348, Valparaíso",Con número,-33.031396,-71.62868,Bodega,Bodega,18,4.9,lunes:8:30 am–5 pm | martes:8:30 am–5 pm | miércoles:8:30 am–5 pm | jueves:8:30 am–5 pm | viernes:8:30 am–5 pm | sábado:Cerrado | domingo:Cerrado,https://www.google.com/maps?cid=1687301309762889876,"Bodegas, Valparaíso - Chile",2,"sin_telefono, sin_web_propia"
ChIJhcoDU7zPr5URqicJZDqRYP8,Frigorífico Casa Blanca S.A.,Frigorífico Casa Blanca S.A.,,1,Frío / Alimentos,Descartar,"Empresa en Uruguay (homónimo de Casablanca, Chile)",100,+59847242627,Extranjero,http://www.fricasa.com.uy/,fricasa.com.uy,Sí,Casablanca,Uruguay (fuera de Chile),,"60000 Casablanca, Departamento de Paysandú, Uruguay",Con número,-32.396537,-58.158494,Fabricante de alimentos,Fabricante de alimentos,77,4.3,lunes:Abierto las 24 horas | martes:Abierto las 24 horas | miércoles:Abierto las 24 horas | jueves:Abierto las 24 horas | viernes:Abierto las 24 horas | sábado:Abierto las 24 horas | domingo:Abierto las 24 horas,https://www.google.com/maps?cid=18401867757408298922,"Frigoríficos, Casablanca, Chile",1,
ChIJERYtHD3hiZYR6znoSrTGXEI,Bodega Simón Bolívar,Bodega Simón Bolívar,,1,Logística / Almacenaje,Descartar,"Edificio histórico (ficha Wikipedia), no es empresa",15,,Sin teléfono,https://es.m.wikipedia.org/wiki/Bodega_Sim%C3%B3n_Bol%C3%ADvar,es.m.wikipedia.org,No,Valparaíso,Valparaíso,,"Av. Federico Errázuriz, Valparaíso",Solo comuna,-33.047238,-71.612688,Almacén,Almacén,1,5.0,,https://www.google.com/maps?cid=4781915382013770219,"Bodegas, Valparaíso - Chile",2,"sin_telefono, sin_web_propia, direccion_imprecisa, sin_horario"
ChIJPzyYKgA5YpYR-3KnWrl2CpU,San Antonio Port - Chile,San Antonio Port - Chile,,1,Portuario / Contenedores,Descartar,Duplicado de Puerto San Antonio sin datos,15,,Sin teléfono,,,No,San Antonio,Valparaíso,,"San Antonio, Valparaíso",Solo comuna,-33.581315,-71.618166,Empresa portuaria,Empresa portuaria,1,5.0,,https://www.google.com/maps?cid=10739526799880319739,"Empresa, San Antonio, Chile",1,"sin_telefono, sin_web_propia, direccion_imprecisa, sin_horario"
ChIJ75ejIQA5YpYRwcyTZitDwqg,Transporte de carga por carretera,Transporte de carga por carretera,,1,Transporte de carga,Descartar,Ficha genérica sin empresa identificable,15,,Sin teléfono,,,No,San Antonio,Valparaíso,,"Avenida 23 de Noviembre, San Antonio, Valparaíso",Con número,-33.579268,-71.588157,Servicio de transporte,Servicio de transporte,,,,https://www.google.com/maps?cid=12160355797537377473,Transporte (archivo),1,"sin_telefono, sin_web_propia, sin_resenas, sin_horario"
ChIJQ3oX5_7DiZYRE2N-EKzeKew,portería ENAP,portería ENAP,,1,Química / Energía,Descartar,Portería de ENAP Aconcagua (duplicado),15,,Sin teléfono,,,No,Concón,Valparaíso,,"Av. Principal 300-398, Concón, Valparaíso",Con número,-32.925191,-71.505254,Distribuidor de productos químicos industriales,Distribuidor de productos químicos industriales,,,,https://www.google.com/maps?cid=17017377497588589331,Procesos químicos (archivo),2,"sin_telefono, sin_web_propia, sin_resenas, sin_horario"
ChIJTcFuV904YpYRlpBxys18uZw,Las Bodegas,Las Bodegas,,1,Logística / Almacenaje,Descartar,Ficha genérica sin datos,0,,Sin teléfono,,,No,San Antonio,Valparaíso,,"San Antonio, Valparaíso",Solo comuna,-33.575132,-71.608707,,,,,,https://www.google.com/maps?cid=11293194763914809494,Servicios logísticos (archivo),1,"sin_telefono, sin_web_propia, direccion_imprecisa, sin_resenas, sin_horario, sin_categoria"
